feature_0,feature_1,feature_2,label
-4.943118,0.7974380000000001,-0.190828,1.0
-1.497511,-1.21136,-2.287336,1.0
-0.721365,0.61227,-3.969784,1.0
1.5369359999999999,-0.913609,-0.673885,1.0
-2.270756,0.600185,-1.869715,1.0
10.226601,20.184342,59.922338,1.0
18.740326,47.895402999999995,117.551611,1.0
5.861205,13.374942,33.915999,1.0
-2.082289,-2.7595140000000002,-7.864346,1.0
-1.693969,-0.24798299999999998,-6.0775809999999995,1.0
-1.81604,-1.5907559999999998,-6.260686,1.0
-2.227733,-0.675794,-5.992469,1.0
-3.119886,2.155199,-3.9866960000000002,1.0
0.836812,1.5934920000000001,-1.185939,1.0
-3.535444,1.821988,-0.5254449999999999,1.0
-2.008465,1.464959,-2.6099599999999996,1.0
-0.17741099999999999,1.220818,0.991114,1.0
-1.4772990000000001,5.368749,15.354987,1.0
7.736948,32.823982,126.228931,1.0
7.812833,39.384443999999995,98.948675,1.0
-2.483959,4.104857,3.221778,1.0
-0.179611,0.6921130000000001,-3.484664,1.0
0.14591500000000002,-0.703829,-2.748284,1.0
-0.403401,-0.947969,-4.762444,1.0
7.042446,1.777698,-7.318191,1.0
1.7384519999999999,5.052283,0.21154499999999998,1.0
0.110318,1.395842,0.46816899999999995,1.0
-9.289095999999999,16.349455,23.417388000000003,1.0
7.405096,44.438675,101.821192,1.0
18.443674,58.605995,126.77438199999999,1.0
-1.09364,13.420028,40.513158000000004,1.0
-2.131636,-0.603469,-5.193649,1.0
-0.30058100000000004,-1.030715,-6.170211,1.0
-0.910933,-1.33589,-3.301559,1.0
-0.878635,1.89581,-3.612098,1.0
-0.10539000000000001,-3.189923,-3.4775,1.0
-0.012455,-1.2459950000000002,-3.400392,1.0
-3.535749,-1.539086,-2.95886,1.0
0.16006199999999998,0.007005,-0.249939,1.0
-3.95693,0.767463,2.490579,1.0
5.9696929999999995,15.583851000000001,68.362549,1.0
19.116024,47.206691,138.75404699999999,1.0
-0.287793,24.663146,61.287646,1.0
-0.654004,1.5918569999999999,-0.357861,1.0
0.547891,0.422961,-4.98185,1.0
-0.7703150000000001,-4.201258,-0.631397,1.0
-2.381001,1.324205,-2.497255,1.0
0.971669,-3.121738,-6.1104140000000005,1.0
-1.743852,3.382487,-1.501839,1.0
-2.130674,-2.0606269999999998,-6.2096729999999996,1.0
10.075396,26.668781,58.628775,1.0
18.790635,33.90613,129.990559,1.0
5.483872000000001,4.840609,4.20879,1.0
4.0190280000000005,-0.34737999999999997,0.18047,1.0
2.2873710000000003,-1.742664,18.718505,1.0
4.92713,13.114317,36.623118,1.0
-1.276182,-0.447175,-4.955007999999999,1.0
-0.313369,0.987266,-0.168691,1.0
-1.167861,0.926231,2.516856,1.0
-2.7441869999999997,-0.7254170000000001,-3.228974,1.0
24.895249999999997,-0.751954,-3.292071,1.0
20.632416,0.024453000000000003,-8.484322,1.0
1.04013,-0.8910739999999999,0.976127,1.0
-5.300102,3.3490889999999998,10.346804,1.0
5.056763,26.794015,90.934522,1.0
1.887197,44.989914999999996,156.288188,1.0
-6.558067,11.498664999999999,34.696668,1.0
2.928354,-2.1685499999999998,-2.652722,1.0
-3.907583,-3.3282179999999997,-5.887586,1.0
-1.348369,-0.47275,-2.451069,1.0
0.729592,0.077268,-3.2669390000000003,1.0
0.389353,1.69894,-2.7173179999999997,1.0
5.81366,0.6110329999999999,-3.817218,1.0
-0.667754,0.702165,2.3692110000000004,1.0
-5.733672,1.434587,0.11091000000000001,1.0
-7.649275,16.21362,38.306832,1.0
-12.418542,41.047106,132.208435,1.0
-14.630658,34.295013,137.873018,1.0
0.458914,-4.310845,6.066917,1.0
-0.155701,-0.632083,5.0977809999999995,1.0
-0.286296,0.310119,-0.5079670000000001,1.0
-2.605632,-0.544373,-4.414217000000001,1.0
-1.173085,-5.430486,-1.1739920000000001,1.0
-1.950592,0.932159,-2.7009700000000003,1.0
0.25616,0.477274,-4.210898,1.0
-1.338179,-0.059392,-2.259836,1.0
-1.4528240000000001,0.7845120000000001,-1.81554,1.0
-2.143324,0.373216,-1.094805,1.0
-3.302992,4.401536,16.910566000000003,1.0
-7.0860710000000005,23.437081000000003,129.144592,1.0
-8.619374,38.708657,83.224843,1.0
-2.666667,10.371295,24.739413000000003,1.0
-2.300853,-3.150078,-3.212627,1.0
-0.612082,-1.2487599999999999,0.585839,1.0
-1.954855,-1.187725,-3.747657,1.0
-2.9558929999999997,0.193274,-2.214751,1.0
10.780179,-1.261945,-5.887586,1.0
3.8412849999999996,-3.517084,-4.208698,1.0
0.481188,1.535084,1.388385,1.0
-2.997816,-3.2256579999999997,2.303912,1.0
2.4910859999999997,0.601407,11.392926999999998,1.0
30.753525,30.262431,151.66024000000002,1.0
2.918332,9.009408,48.479889,1.0
-1.302582,2.5211349999999997,4.779817,1.0
0.040192000000000005,3.009416,1.056672,1.0
0.9368670000000001,3.7599880000000003,-1.050163,1.0
-0.511325,2.4292990000000003,-2.1342060000000003,1.0
-0.07871500000000001,1.272793,-3.2254140000000002,1.0
0.17821199999999998,2.320017,-2.392495,1.0
1.3403399999999999,1.303731,-2.3780419999999998,1.0
-0.307609,-0.100077,1.955454,1.0
-0.358454,3.496735,9.330779,1.0
30.997666000000002,32.779722,85.154593,1.0
9.143918,48.359637,85.840829,1.0
-3.388899,17.058624000000002,27.322001999999998,1.0
-1.590844,-0.27866,-7.715339999999999,1.0
-2.283544,-1.845362,-8.116751,1.0
-3.138036,0.77915,-2.745657,1.0
-2.405614,-0.929834,-3.050833,1.0
0.535899,0.10886300000000002,-3.4709139999999996,1.0
4.571643,-1.332605,-6.186298,1.0
3.1079000000000003,-1.346355,-2.214751,1.0
4.875718999999999,-0.782189,1.5694290000000002,1.0
-1.838148,0.31644399999999995,2.362886,1.0
32.582518,22.715246,119.922921,1.0
11.523189,34.426571,89.817739,1.0
5.610341,10.181864,46.660522,1.0
0.564636,1.281015,1.106722,1.0
-1.449524,0.548593,-1.76193,1.0
-2.91837,-0.671104,-0.18574100000000002,1.0
-0.8176,-0.507813,-5.775003,1.0
-1.552084,0.43741399999999997,-2.388232,1.0
-0.902739,1.5900509999999999,-4.20835,1.0
-1.556978,0.430383,-3.231788,1.0
-2.5212220000000003,-0.415703,-1.9211250000000002,1.0
-0.995343,-0.720879,-1.432844,1.0
0.858125,-0.6250849999999999,-2.296961,1.0
9.125905999999999,19.303878,48.838812,1.0
28.554198,49.002562000000005,139.939428,1.0
-2.398051,4.392186000000001,22.944658,1.0
-4.107036,-0.978907,-6.596357,1.0
-1.6081539999999999,0.881985,-4.744693,1.0
-1.059541,2.093462,-3.065546,1.0
-1.285669,0.114363,-3.840287,1.0
-0.365878,-0.365133,-3.072804,1.0
2.196635,0.453501,-2.184653,1.0
2.5521209999999996,-2.1828339999999997,0.40123600000000004,1.0
2.6131559999999996,1.0520289999999999,-0.45325699999999997,1.0
9.015523,-0.045504,39.648904,1.0
5.419674,29.536334,73.08778199999999,1.0
15.496936,21.5964,42.09031,1.0
15.616807,8.035307000000001,45.299337,1.0
3.287705,10.720854000000001,19.054219999999997,1.0
-2.5212220000000003,6.639625,1.635826,1.0
-1.774653,2.3543770000000004,0.627226,1.0
-1.9088070000000001,0.7160529999999999,-2.532714,1.0
-1.539296,0.48153599999999996,-3.4226669999999997,1.0
-0.623769,1.091888,-2.873351,1.0
-1.105726,1.953806,-2.208426,1.0
-3.1167230000000004,5.620178,5.590324,1.0
9.633299000000001,49.689622,104.58288499999999,1.0
-12.219486999999999,41.099615,102.523639,1.0
-10.571537,13.69483,46.127155,1.0
9.626837,8.531714999999998,17.478291,1.0
2.491789,1.128448,1.53713,1.0
-1.438142,-3.092298,-4.905263,1.0
-0.983656,-1.7413040000000002,-3.462694,1.0
-1.14505,-1.2133,-3.624625,1.0
-2.881108,2.661752,-1.736095,1.0
-2.58542,3.726988,2.760996,1.0
-2.58542,1.773863,6.911387,1.0
0.860187,13.659768,49.17795,1.0
-2.565207,27.39694,80.538334,1.0
2.189072,28.560871000000002,117.756991,1.0
-4.849083,22.443469,69.115133,1.0
-2.2681590000000003,11.418517,31.085969,1.0
4.577006,1.502084,5.42523,1.0
-0.610982,-1.8548499999999999,-4.035219,1.0
-1.306844,-0.767202,-4.801907,1.0
-0.786662,-1.719991,-2.990195,1.0
0.024900000000000005,0.14968599999999999,-3.9128439999999998,1.0
-1.977268,0.46338599999999996,-1.519989,1.0
-0.986818,0.507372,-1.567138,1.0
-5.135146,11.460303,21.808227,1.0
2.128037,40.452002,99.689087,1.0
-6.724122,27.163388,87.790791,1.0
-5.062988,12.818064000000001,49.015455,1.0
-3.470849,-1.095491,15.078411000000001,1.0
-0.6404219999999999,-1.327242,-4.255586,1.0
-1.630871,0.9375209999999999,-3.712595,1.0
-0.043957,-1.748026,-3.7736300000000003,1.0
0.055042,-1.150463,-4.656157,1.0
-1.233419,2.703278,-2.8230410000000004,1.0
0.719706,-2.667816,-9.231732000000001,1.0
-1.4750990000000002,1.544572,-0.337511,1.0
-3.913343,3.009416,2.343773,1.0
-1.6709919999999998,23.429655,46.247163,1.0
13.64677,18.712898000000003,38.443188,1.0
7.410459,14.51426,63.746103,1.0
7.122333,17.48367,57.599702,1.0
-0.812237,6.741483,30.316986999999997,1.0
-0.8061720000000001,2.687587,1.153168,1.0
-0.336743,0.624783,-1.9724130000000002,1.0
-1.1291,0.16247399999999998,-1.663373,1.0
-3.630441,1.245156,-2.76943,1.0
-2.369314,-0.830039,-3.684957,1.0
-2.0031030000000003,-1.19625,0.28232799999999997,1.0
-6.498132,-2.3240179999999997,2.549153,1.0
1.314368,9.394732,73.10579399999999,1.0
8.712409999999998,7.595975,87.90393900000001,1.0
10.871053,10.098415999999999,53.120760999999995,1.0
2.70293,-1.133457,5.1779280000000005,1.0
0.032232,0.383239,-4.245166,1.0
-0.089839,1.603942,-3.573779,1.0
-0.314331,-1.996429,-3.8339630000000002,1.0
-0.675317,0.009205,-2.378744,1.0
-8.086008000000001,2.980678,-8.123474000000002,1.0
-1.087576,1.462362,-3.0961790000000002,1.0
-0.843435,1.212858,-1.583087,1.0
2.8339220000000003,2.3508169999999997,4.709157,1.0
9.389159000000001,20.126333,68.976716,1.0
0.537961,31.065376,83.384573,1.0
2.433213,13.934144,46.556601,1.0
3.5928809999999998,1.849183,11.766562,1.0
0.290659,0.141466,-6.135591,1.0
-0.09040200000000001,-1.3750930000000001,-3.4078169999999997,1.0
-1.936842,1.269234,-4.541512,1.0
-3.849145,-8.352611,-6.236746,1.0
9.014423,-0.13031199999999998,-3.6213249999999997,1.0
2.106863,2.526497,-3.269399,1.0
1.313406,-2.0511399999999997,-1.926625,1.0
-9.72447,1.848786,-11.771695999999999,1.0
5.043578,25.581836,82.582591,1.0
10.453294,48.706033,128.51679299999998,1.0
11.489929,16.681291,64.85365900000001,1.0
-4.0662139999999996,0.973379,-9.949166,1.0
-1.856298,-1.660851,-5.635225,1.0
-0.269384,-1.721887,-2.949678,1.0
-1.546859,1.003781,-1.090543,1.0
-1.545759,2.798672,-1.342246,1.0
-0.920421,0.495286,-0.530944,1.0
-5.385611,2.422974,-3.4376539999999998,1.0
0.895647,0.857235,1.856454,1.0
-1.02298,14.049752,47.876702,1.0
24.855926,44.56733,149.011956,1.0
0.690969,54.785775,115.60221299999999,1.0
-3.12731,18.476184,21.283784,1.0
1.012797,2.4558370000000003,2.791232,1.0
1.0841159999999999,-4.030802,-5.485075,1.0
-1.4793610000000001,-2.810099,-0.846403,1.0
-1.260094,0.078766,-2.45683,1.0
0.244473,1.448475,-3.6285819999999998,1.0
-1.9915530000000001,2.593292,-3.420604,1.0
1.109857,3.95342,-0.6142540000000001,1.0
0.621576,3.83135,-1.590816,1.0
-1.1958959999999998,13.40504,22.635082,1.0
8.136418,25.734844000000002,117.76551599999999,1.0
-0.6005320000000001,16.542309,65.906808,1.0
-0.8489350000000001,0.06171600000000001,1.252566,1.0
4.545671,-3.047915,-1.5398040000000002,1.0
-3.090888,1.274993,-6.669218,1.0
-3.70124,0.29843099999999995,-5.204374,1.0
-1.541496,2.019103,-2.991158,1.0
-0.960983,1.2490210000000002,-6.138051000000001,1.0
-1.063803,0.915384,-1.528377,1.0
-1.124838,0.671243,-2.565975,1.0
-1.6422539999999999,2.868509,-1.908338,1.0
-0.999606,2.380227,-1.0719960000000002,1.0
1.080953,9.894975,24.286332,1.0
22.347724,43.035965,101.05480800000001,1.0
12.073606,19.291228,64.147651,1.0
4.133673,14.245782,30.793718,1.0
-2.152948,5.151543,2.534441,1.0
-0.98998,0.8588709999999999,-2.807518,1.0
-1.478261,-1.643571,-2.0750960000000003,1.0
-1.94743,0.181862,-2.579725,1.0
2.205022,0.130574,1.4303080000000001,1.0
-6.706110000000001,1.290242,-2.536977,1.0
0.970432,0.05112800000000001,1.5939040000000002,1.0
-3.8567069999999997,1.771801,6.12369,1.0
10.946235,23.391033,95.397912,1.0
14.106878,45.225668999999996,129.046295,1.0
1.35053,25.145103,56.231354,1.0
-2.55572,0.85311,10.943268000000002,1.0
-0.891422,0.52346,1.622336,1.0
-1.398252,-1.576211,-0.429483,1.0
-0.132463,0.673168,-2.41697,1.0
-1.902482,-1.6461679999999999,-1.9286880000000002,1.0
0.987482,1.366127,-2.8524350000000003,1.0
0.009819999999999999,0.71289,-2.147651,1.0
-2.309516,-0.629883,-5.199409,1.0
-3.012803,4.182269,5.1164950000000005,1.0
-2.261269,6.2873019999999995,16.447157,1.0
2.247909,12.330883,51.245721,1.0
-0.079952,12.330883,44.859304,1.0
6.878055,4.518383,43.760671,1.0
2.6741919999999997,6.137594,40.139385000000004,1.0
1.5818839999999998,3.207906,35.070304,1.0
1.092503,0.280281,8.832612000000001,1.0
-0.13342600000000002,0.794138,-3.6228219999999998,1.0
-0.935133,-0.806664,-3.893899,1.0
0.008857,0.7984,-7.207947,1.0
1.046454,1.042541,-4.583435,1.0
1.1429509999999998,0.25870899999999997,0.11201,1.0
0.9062349999999999,4.713175,51.629944,1.0
42.034304999999996,83.149676,269.50207700000004,1.0
-7.2682139999999995,13.856762,38.791249,1.0
-0.061008,-2.309031,3.830189,1.0
-0.691267,-1.010944,-3.147633,1.0
-2.583357,0.270794,-3.5138439999999997,1.0
-1.7899,-0.379021,-4.278259,1.0
-1.0457910000000001,-6.711124,-4.363769,1.0
10.799995,0.188049,-6.499999,1.0
1.34477,-1.343192,-5.139077,1.0
-0.233221,1.580169,-1.724973,1.0
-2.4915220000000002,3.106048,1.9371369999999999,1.0
-0.938708,4.49707,5.529686999999999,1.0
11.71152,36.034096000000005,125.386386,1.0
6.889742,35.912025,106.404452,1.0
1.6418190000000001,0.735165,0.758921,1.0
-1.77615,0.857235,-4.490102,1.0
-1.586581,0.378274,-3.452504,1.0
-2.2814810000000003,-3.884257,-2.155778,1.0
-1.976305,-0.527323,-3.0102700000000002,1.0
6.021103,0.785215,-2.425494,1.0
6.387711,-0.15865200000000002,-5.545408,1.0
-3.561019,-1.9286720000000002,-2.2495089999999998,1.0
-0.337843,3.365039,12.996889999999999,1.0
4.869256999999999,75.33937599999999,227.697257,1.0
-3.935848,44.477862,92.421641,1.0
-1.068295,-1.853351,6.379518999999999,1.0
1.9834619999999998,-2.219562,-1.494016,1.0
1.417984,-2.979759,-4.241301,1.0
-1.585619,-0.27756000000000003,-1.745583,1.0
-0.125039,-0.752351,-6.6454450000000005,1.0
-0.212611,-2.967629,-4.074941,1.0
4.372451,3.350892,1.323226,1.0
1.899145,1.595019,-7.036529,1.0
1.1667230000000002,0.557422,0.348725,1.0
-1.404576,-1.601083,-3.4702569999999997,1.0
1.2373830000000001,1.549232,-0.149181,1.0
-1.3244289999999999,-2.102549,-4.674872,1.0
10.213813,45.977204,158.405305,1.0
17.000403000000002,42.559235,147.482777,1.0
0.371768,6.898754,21.360372,1.0
0.9210839999999999,-3.416188,-0.91746,1.0
-0.449326,-2.5262360000000004,-4.874066,1.0
-0.786402,-0.458863,-3.572772,1.0
-0.446163,0.113125,-2.399919,1.0
-0.6860419999999999,2.2966409999999997,-1.263062,1.0
0.046380000000000005,1.0759379999999998,-3.643433,1.0
-3.729275,5.627603,21.5216,1.0
6.580442,52.48129,180.718199,1.0
4.5672440000000005,11.643545999999999,27.6988,1.0
-0.85636,-2.20621,-7.930346,1.0
0.01668,-1.144137,-4.134080999999999,1.0
-0.837812,-0.655856,-2.608202,1.0
-1.165798,-0.943981,-2.399919,1.0
-0.303881,-2.1483369999999997,-2.508637,1.0
-0.132463,-0.790576,-2.882976,1.0
-0.064003,0.245922,-3.176066,1.0
-1.724602,1.761075,-2.5416369999999997,1.0
-0.015616999999999999,0.479336,-2.846813,1.0
-1.232195,-1.6944160000000001,-2.414907,1.0
1.3175299999999999,12.749603,17.482156999999997,1.0
19.650352,63.907652,180.941166,1.0
0.416854,4.4508849999999995,14.966363,1.0
0.448188,-3.184835,-4.486542,1.0
-0.410001,-1.004221,-3.576638,1.0
-0.348966,0.09441199999999998,-1.440407,1.0
0.38345599999999996,-0.332834,-0.7690199999999999,1.0
2.740452,1.900195,7.668682,1.0
-1.3226270000000002,5.3604840000000005,2.82133,1.0
-1.472074,0.8037620000000001,4.428456,1.0
4.890568999999999,1.338092,1.075387,1.0
-4.997126000000001,0.84981,-3.0750040000000003,1.0
1.273545,2.500357,1.1076840000000001,1.0
10.935113,13.946534,29.589225,1.0
44.675866,73.418548,148.69645300000002,1.0
-0.14771099999999998,-0.9890659999999999,11.134501,1.0
0.523676,-1.599418,-4.002218,1.0
-2.889633,-0.743429,-3.902423,1.0
-4.464859,-4.387526,-4.957071,1.0
-1.300656,-0.8452869999999999,-4.449676999999999,1.0
-0.393914,0.9431430000000001,1.1989560000000001,1.0
-1.4315120000000001,1.126248,-0.8152050000000001,1.0
-1.3605909999999999,0.453501,-0.589215,1.0
-2.0213900000000002,0.24165899999999998,0.5545030000000001,1.0
1.02198,2.261182,13.687788000000001,1.0
-1.292131,58.039752,204.86364700000001,1.0
-7.81863,3.357615,41.898817,1.0
1.815437,-2.997467,-6.125263,1.0
-2.579094,-0.8612369999999999,-2.219013,1.0
-1.378741,-0.9280309999999999,-1.3850390000000001,1.0
-0.132463,-0.808726,-4.115763,1.0
-1.6583409999999998,-1.1933479999999999,-3.093718,1.0
-1.87431,1.4099890000000002,-1.248074,1.0
2.130635,-0.355768,-3.7703300000000004,1.0
1.451076,0.503783,-1.79273,1.0
-2.630902,1.254521,-3.174127,1.0
-2.313337,0.48127699999999995,-3.789442,1.0
-2.002705,16.655991,37.436527,1.0
36.083232,49.309799000000005,105.30762100000001,1.0
19.363464,22.377346,70.107387,1.0
-1.8583599999999998,22.002211,42.688149,1.0
-2.5974120000000003,3.571794,9.165563,1.0
-0.461275,1.477747,-0.5375300000000001,1.0
-1.437837,-1.696081,-2.7958309999999997,1.0
-2.083389,-0.334333,-3.866261,1.0
-2.249444,3.551307,-0.557177,1.0
-0.601495,-0.965294,-5.134814,1.0
-5.9541770000000005,0.86576,3.657411,1.0
17.049353,11.219462,62.547812,1.0
20.015601,37.299624,109.011517,1.0
4.0201270000000005,10.191488999999999,19.772053,1.0
-0.39927599999999996,-2.437165,-5.366869,1.0
-2.097276,-1.452077,-3.255114,1.0
-0.876572,-0.109304,-4.170641,1.0
-2.511734,3.001028,-3.502814,1.0
-1.0596780000000001,-2.670016,0.865744,1.0
-0.508162,0.791112,-0.542892,1.0
-0.787762,0.848985,-0.681309,1.0
-2.4776350000000003,0.255546,-3.025121,1.0
3.19697,11.117742,27.536441999999997,1.0
16.92988,16.061589,74.838688,1.0
9.136493,40.043044,104.289534,1.0
-8.186904,26.449651,57.051623,1.0
-8.903238,11.353755,21.249821,1.0
-2.720979,2.930904,5.723516,1.0
1.3073409999999999,0.062251000000000015,-1.661738,1.0
-0.482188,-0.632207,-1.153243,1.0
-0.53936,-0.615858,-2.642959,1.0
-2.5464469999999997,-1.03821,-4.312737,1.0
1.472037,0.718695,-3.116254,1.0
-3.8583719999999997,0.497227,1.772487,1.0
0.901804,31.359137999999998,45.413021,1.0
11.002399,36.188739,92.24829799999999,1.0
2.457477,24.531024000000002,55.566169,1.0
1.4024750000000001,13.172419999999999,25.386767,1.0
5.180895,-5.911769,2.4936190000000003,1.0
-2.9343209999999997,-1.019331,-3.222374,1.0
-2.376876,3.5870420000000003,-1.468304,1.0
2.017655,-6.056512,-1.834515,1.0
0.124603,1.280494,-2.984695,1.0
-2.58762,0.52896,-2.360058,1.0
-2.2334940000000003,-0.8366239999999999,-6.577947,1.0
-1.6231419999999999,1.543747,-2.793768,1.0
-2.8125099999999996,2.0750509999999998,-2.120579,1.0
4.512671,25.691394000000003,68.72735,1.0
10.664435,54.505213,128.52269099999998,1.0
2.125975,23.44478,65.72287800000001,1.0
-0.803712,1.411089,0.7204360000000001,1.0
0.316494,1.492734,-5.112004,1.0
-2.106763,-4.3868529999999994,-6.0371559999999995,1.0
-1.366917,0.385179,-1.006698,1.0
-0.09040200000000001,-0.278783,0.053313,1.0
-2.405476,0.19710899999999998,-3.3711189999999998,1.0
-1.037265,1.693853,-0.121269,1.0
-4.712162,2.82026,4.115992,1.0
-17.664265,26.137050000000002,62.352759,1.0
6.569854,24.139542000000002,81.473111,1.0
-3.0737010000000002,15.228409,56.082485999999996,1.0
4.048865,13.7916,34.092077,1.0
-0.396678,1.700713,1.197993,1.0
-1.2671199999999998,-0.12331400000000001,-3.888137,1.0
-1.590447,1.751328,-0.989648,1.0
-1.041131,-0.140762,-3.9803710000000003,1.0
-0.603557,0.36180399999999996,-4.311121,1.0
-0.664592,1.020709,-3.4857639999999996,1.0
-2.70283,0.847488,-1.04066,1.0
-4.639699,1.656591,-1.515589,1.0
-6.224152999999999,14.438512,35.247788,1.0
-1.838148,31.199408000000002,73.182917,1.0
7.780933,37.269924,101.931178,1.0
3.272855,36.306149,73.524653,1.0
-3.2579070000000003,15.065915,19.996821,1.0
0.197325,-1.171897,-0.6898340000000001,1.0
-1.102166,-1.989829,-2.8878030000000003,1.0
-1.585481,0.26886899999999997,-2.025749,1.0
1.223236,-1.527123,-3.082993,1.0
-0.5543469999999999,-0.061592,-2.6583599999999996,0.0
-0.116514,0.07642800000000001,-2.224651,0.0
0.003495,1.022053,-2.51924,0.0
-0.32299300000000003,-0.627958,-2.908825,0.0
-1.338179,-0.428201,-2.0064830000000002,0.0
4.771662,8.239189,19.477892,0.0
13.491164,37.847565,87.607412,0.0
-5.124558,-4.388763,2.097158,0.0
-2.379076,-3.3277900000000002,-4.999268,0.0
-0.188533,0.73819,-3.132355,0.0
-0.443963,0.384766,-4.872675,0.0
-0.033767,-0.18792399999999998,-3.9937080000000003,0.0
0.546883,0.437276,-2.7273690000000004,0.0
-0.14511400000000002,-0.743704,-3.072405,0.0
-0.79945,1.1171879999999998,-1.971573,0.0
-0.315431,2.001778,-2.8132780000000004,0.0
-0.860485,-0.291983,-1.589413,0.0
10.746782,27.552837,80.787836,0.0
7.145708,-3.269917,10.292231,0.0
-4.248356,-0.804739,-8.967943,0.0
-0.426516,1.531647,-8.193996,0.0
-1.086613,0.728167,-4.593625,0.0
1.1164129999999999,-1.941032,-2.6416,0.0
-1.077691,-0.331706,-0.68461,0.0
-0.43543899999999996,1.5798949999999998,-4.926132999999999,0.0
-2.595044,-0.123727,1.418758,0.0
-0.092602,-0.5509729999999999,-3.341984,0.0
11.651722,0.15587399999999998,48.595374,0.0
1.180213,12.325245,46.783829,0.0
3.351903,-4.003042,-8.882829999999998,0.0
-3.440309,-0.272074,-10.312382000000001,0.0
-6.6702520000000005,5.920816,-9.195034,0.0
-1.055018,1.5873199999999998,1.058872,0.0
-0.274608,0.589583,-3.786678,0.0
0.552811,-0.488838,0.062401000000000005,0.0
-5.525129000000001,3.60478,-0.644047,0.0
-2.9627529999999997,2.240297,-3.832068,0.0
0.880399,-0.733377,-1.663938,0.0
-2.468712,2.118624,-2.602137,0.0
-6.680137,2.4237990000000003,-7.240809,0.0
48.352963,65.374421,175.514399,0.0
1.19656,-1.849762,1.7270969999999999,0.0
-2.2548060000000003,0.7992250000000001,-11.297163999999999,0.0
0.235152,-0.069017,-6.305069,0.0
0.784468,0.968581,-0.384658,0.0
2.783872,-11.851002,2.10996,0.0
1.418991,2.137737,-5.501987,0.0
1.665729,-3.2369179999999997,-1.89063,0.0
20.611103,-6.912517,-17.468177999999998,0.0
5.536382,0.38050399999999995,-4.262874,0.0
-2.703364,1.7232779999999999,-3.8356280000000003,0.0
-0.807012,-0.037117,-2.609562,0.0
-0.7846,0.8162750000000001,-2.104368,0.0
-3.165673,0.903283,-1.599038,0.0
8.079385,23.836154,44.052097,0.0
11.436319000000001,24.01926,68.649265,0.0
-2.026615,-4.844746,-9.803583999999999,0.0
-3.201133,1.3826420000000001,-7.426114,0.0
-0.10578800000000001,0.439476,-8.391554,0.0
-1.920495,0.588085,-3.6117,0.0
-0.79945,0.971744,-2.81754,0.0
-0.616345,0.491987,-2.5841239999999996,0.0
-0.005993,-0.484575,-2.401019,0.0
-0.9943799999999999,-0.489938,-2.091581,0.0
-1.2246329999999999,1.039104,-3.1323410000000003,0.0
-0.730989,1.482299,-2.960923,0.0
20.557492,23.686447,73.834092,0.0
17.261594000000002,22.160568,63.213974,0.0
-3.431524,1.1548489999999998,-10.213519000000002,0.0
-2.0255150000000004,-1.518215,-6.095029,0.0
-5.6802,-1.0165819999999999,-8.195799000000001,0.0
-0.749139,0.712615,-4.134478,0.0
0.662094,0.8003250000000001,-2.205126,0.0
-0.381828,0.661205,-2.450367,0.0
-1.466574,1.1685979999999998,-3.4514039999999997,0.0
-0.19872299999999998,1.34538,-5.148564,0.0
-1.3604539999999998,0.533772,-4.485702,0.0
16.041991,26.374056,58.626712999999995,0.0
8.773444999999999,7.431844,48.336245000000005,0.0
0.106453,-1.113078,-10.196470000000001,0.0
-1.727765,0.604433,-5.035018,0.0
-0.21151099999999998,0.237122,-6.5222750000000005,0.0
0.7682140000000001,-3.4058759999999997,-3.236964,0.0
-3.1230480000000003,-0.26860799999999996,-3.70187,0.0
0.338906,-0.061592,-1.746943,0.0
-3.506309,1.1591109999999998,-0.831416,0.0
-0.881797,-1.0991900000000001,-3.333857,0.0
0.399941,0.487724,-1.991084,0.0
9.555214,11.229912,30.540655,0.0
7.968299999999999,13.793388,49.644658,0.0
4.001015,-10.803779,-0.7703810000000001,0.0
2.475136,3.2953419999999998,2.0982719999999997,0.0
-0.149376,-2.6861040000000003,-8.521844999999999,0.0
-6.069786000000001,-1.7705760000000001,-5.042841999999999,0.0
-1.6142189999999998,-0.061592,-2.0521190000000002,0.0
-0.454551,-0.488838,-3.9442090000000003,0.0
-0.210411,3.905693,-1.441767,0.0
-1.9804300000000001,0.426689,-0.5872750000000001,0.0
1.437538,1.0370409999999999,-0.5872750000000001,0.0
-1.125938,-0.305733,-2.357295,0.0
35.31205,59.264579999999995,169.09045899999998,0.0
1.9868550000000003,-3.3574900000000003,13.389776,0.0
2.230996,2.0746379999999998,-1.136592,0.0
-0.881797,-1.282295,-1.8079779999999999,0.0
-0.576622,0.976006,-1.930049,0.0
-1.125938,-0.366768,-6.385615,0.0
-0.149376,0.54876,-3.7000680000000004,0.0
-0.08834,-0.0005570000000000002,-2.5404,0.0
-1.245946,-0.210337,-1.83039,0.0
-1.178448,0.61942,-2.4502289999999998,0.0
-2.643292,0.86356,-0.985385,0.0
-2.1358979999999996,-0.491038,-3.79204,0.0
10.052984,20.296115,42.124547,0.0
13.251286,36.248964,94.079612,0.0
4.516934,-4.021452,0.032,0.0
0.061368000000000006,-5.486295999999999,-10.038801000000001,0.0
-1.6253419999999998,0.193136,-2.716596,0.0
-1.4461020000000002,-1.657429,-6.060836,0.0
-1.4140640000000002,-0.434265,-4.706468,0.0
-2.164636,0.35919199999999996,-3.428992,0.0
0.33108299999999996,1.911745,-3.345544,0.0
-2.420862,0.728305,-0.14658300000000002,0.0
0.960945,2.260204,-3.090817,0.0
-2.458124,-0.63222,-2.7565049999999998,0.0
-1.0543150000000001,-0.082904,-4.038243,0.0
-1.14615,-0.202515,-2.2782459999999998,0.0
15.491574,35.779933,104.147251,0.0
-2.69374,-4.617917,-11.438347,0.0
-1.08125,1.215181,-5.462264,0.0
-1.2277959999999999,0.031343,-3.7454569999999996,0.0
-1.960218,-0.212797,-5.393406000000001,0.0
-1.4772990000000001,-1.525336,-5.1979109999999995,0.0
-1.1242729999999999,1.2101229999999998,-3.069656,0.0
-1.9830280000000002,1.1739609999999998,-0.598412,0.0
-2.752712,0.209087,-4.578087,0.0
-2.386501,0.14805100000000002,-1.4652939999999999,0.0
0.25506,0.429852,-3.073918,0.0
2.122675,14.28167,16.945613,0.0
28.616196000000002,29.797386,143.228451,0.0
-6.560267,-4.024614000000001,6.8898,0.0
-3.750588,-1.819925,-10.014876000000001,0.0
-3.2492140000000003,-2.32666,-7.700765,0.0
-2.2116160000000002,1.0302729999999998,-6.602132,0.0
-1.569272,1.585257,-5.7853,0.0
-3.1926080000000003,0.36359199999999997,-3.4590889999999996,0.0
-0.853059,-0.192187,-1.895688,0.0
-2.680952,0.668768,-2.7993900000000003,0.0
-0.48368700000000003,0.607733,-0.419019,0.0
-2.217146,0.559485,-2.170629,0.0
16.721765,29.473099,101.91562499999999,0.0
-1.77395,-10.060633,-5.7514899999999995,0.0
-2.760137,-0.800339,-9.836583,0.0
1.93957,1.518997,-1.474766,0.0
-1.9193950000000002,-1.554471,-3.66065,0.0
-1.038365,0.67193,-2.81754,0.0
-0.980493,-0.152724,-4.318546,0.0
-1.08235,2.5083469999999997,-3.3562689999999997,0.0
-1.926957,1.026453,-2.2235359999999997,0.0
-1.84571,0.752077,-1.297987,0.0
-0.504999,0.902183,-2.412967,0.0
23.420783,33.739097,84.256955,0.0
-3.3673260000000003,-8.236040000000001,-10.285141999999999,0.0
-1.103663,-1.813462,-8.676915,0.0
-1.105726,1.569307,-4.475114,0.0
1.10859,-0.7446670000000001,-5.378816,0.0
-0.36697799999999997,0.528548,-2.118516,0.0
-1.279344,0.759503,-3.574438,0.0
-2.500047,1.6139949999999998,-3.940649,0.0
1.920761,-2.174708,-4.001286,0.0
3.641129,-1.5147490000000001,-6.534222,0.0
6.999163,-1.517911,-2.6386969999999996,0.0
4.557756,1.167636,-2.089381,0.0
-1.649419,1.2436580000000002,-2.254336,0.0
-1.649419,3.624029,5.98541,0.0
29.36993,25.408218,75.529325,0.0
-3.673465,-1.461138,-4.557324,0.0
-1.2363199999999999,-1.832574,-3.7490170000000003,0.0
0.638719,1.0814229999999998,-0.958848,0.0
0.7607900000000001,1.6917749999999998,-3.156114,0.0
-2.431587,0.8301620000000001,-5.145003999999999,0.0
0.533699,0.545598,-0.7560939999999999,0.0
-2.644392,1.091751,-2.335584,0.0
-2.931556,1.3826420000000001,-4.007046,0.0
0.9746940000000001,5.166821,9.115513,0.0
26.588285,36.439631,73.481768,0.0
-4.4691220000000005,-4.835121999999999,-7.924281,0.0
1.10639,-3.715176,-9.613755,0.0
-2.273918,2.036413,-3.813215,0.0
-6.9684,2.272732,-3.885937,0.0
2.256433,-0.642808,-4.626182,0.0
-2.809485,1.432387,-3.5885849999999997,0.0
-3.259007,-0.077542,-3.9655210000000003,0.0
-0.071427,2.162746,-3.8360250000000002,0.0
1.26748,-0.363208,1.442133,0.0
0.5350579999999999,-0.607348,-2.219976,0.0
-0.442863,-0.762679,-6.034253,0.0
7.287288,21.645749,53.089562,0.0
3.0886500000000003,0.200699,26.266392,0.0
-2.577337,0.713058,-9.181849,0.0
-0.929387,-0.690751,-5.88595,0.0
-3.533382,0.366051,-5.66132,0.0
-1.039466,-0.124689,-5.78585,0.0
-0.608919,0.299394,-0.856991,0.0
-2.372614,0.559485,-2.423692,0.0
0.34949399999999997,2.114499,-3.137566,0.0
-2.5748320000000002,1.285444,-0.727097,0.0
0.680243,5.444099,-6.234408,0.0
31.441962,20.397712000000002,56.875943,0.0
-2.0993389999999996,2.912219,11.97538,0.0
0.211473,1.6523569999999999,0.357388,0.0
-1.0441259999999999,1.472552,-0.868678,0.0
-1.497511,0.31644399999999995,-4.98347,0.0
-3.077001,-0.780126,-1.868615,0.0
-0.452489,0.440577,-0.281701,0.0
-2.655117,-1.8251499999999998,-6.187261,0.0
-1.176385,-0.015804,-3.64826,0.0
5.368125,0.501612,-3.5446,0.0
-0.38222599999999995,1.891273,-2.289841,0.0
2.419326,-8.279628,1.970839,0.0
0.420153,9.190315,8.909734,0.0
1.152575,3.208869,21.727117,0.0
2.0850150000000003,-0.48734,2.939015,0.0
-1.363754,-0.0015190000000000004,0.081348,0.0
-1.610094,-1.22016,-4.382745,0.0
1.5679969999999999,-1.888247,-3.065943,0.0
-1.670029,1.9675559999999999,-2.108494,0.0
0.226323,0.738327,-3.68262,0.0
-2.703364,-2.4355010000000004,-2.522952,0.0
0.015182999999999999,1.097816,-2.173089,0.0
0.268246,0.423266,-2.5240519999999997,0.0
0.380691,0.18901099999999998,-1.882762,0.0
-0.814437,0.839085,-1.712445,0.0
-2.401351,0.289769,-2.261761,0.0
44.170536,48.582466,98.844755,0.0
-0.868047,-1.0530039999999998,7.221361,0.0
-2.2076580000000003,-5.666101,-7.381991,0.0
1.476863,-0.564723,-11.927728,0.0
-2.063877,0.09884100000000001,-4.383446,0.0
-0.59051,0.350804,-2.211451,0.0
-0.956721,-0.44265299999999996,-3.249049,0.0
37.656166,-2.62357,-3.6456619999999997,0.0
23.839503,-4.186456,-5.81037,0.0
3.268898,-2.8298170000000002,-8.041478999999999,0.0
-2.571576,-0.436191,-1.7611830000000002,0.0
-0.06883,-0.41531999999999997,-1.6862119999999998,0.0
-5.061063,2.025031,-1.589976,0.0
4.338351,32.66468,77.328481,0.0
-2.605067,-1.093827,-6.835838,0.0
-0.39145399999999997,1.6080670000000001,-3.1188510000000003,0.0
0.749667,-1.133153,-3.070205,0.0
-1.858498,-0.750289,-3.541438,0.0
-0.088478,0.348344,-3.968684,0.0
13.297471,1.1882460000000001,-5.943381,0.0
12.983373,-1.4940010000000001,-8.095699000000002,0.0
1.754402,0.535408,-1.6673600000000002,0.0
-1.053215,-0.319084,-3.7425550000000003,0.0
0.407366,-2.293218,-4.044171,0.0
5.306128,-5.287103,34.777350999999996,0.0
6.525731,-1.2233219999999998,29.691923,0.0
-1.365954,-0.338993,-4.5519620000000005,0.0
-2.3843010000000002,0.0016429999999999995,-8.983054000000001,0.0
-2.0131259999999997,1.942285,-3.9892929999999995,0.0
-0.9755280000000001,-0.438086,-4.7217150000000006,0.0
-1.526646,-0.740267,-1.363681,0.0
2.977609,0.576535,0.684961,0.0
-2.476838,-0.21446199999999999,-7.786536,0.0
4.388141,3.057266,-0.237991,0.0
-3.363324,2.63002,-4.815628,0.0
-1.716475,6.815871,6.472713000000001,0.0
11.668772,21.924249,57.003665,0.0
1.2640580000000001,-2.142012,3.368048,0.0
-2.322166,-2.846797,-10.369125,0.0
-3.3014940000000004,1.2791190000000001,-5.447291,0.0
0.31087099999999995,-0.926672,-4.73904,0.0
-1.70329,0.660242,-2.5417739999999998,0.0
-0.665692,1.453699,-6.570094,0.0
-3.541907,-0.251985,-2.045259,0.0
-1.952792,-0.289645,-2.281011,0.0
-1.4645110000000001,0.686918,-1.533601,0.0
-2.319003,1.236234,-1.5946369999999999,0.0
-0.19872299999999998,-0.39686499999999997,-1.6503100000000002,0.0
-1.102563,0.976144,-2.81644,0.0
2.632268,-0.753054,29.328875,0.0
4.569443000000001,10.124953999999999,63.633795,0.0
-2.632705,-3.974167,-4.542474,0.0
-1.553582,-2.2508969999999997,-7.097427,0.0
-0.83355,1.082966,-4.392369,0.0
0.081977,0.935321,-4.423964,0.0
1.1503759999999998,-0.922409,-0.20361600000000002,0.0
-3.91348,-0.014307000000000002,-3.1943390000000003,0.0
-2.0319770000000004,2.6454050000000002,-2.047459,0.0
-1.8466719999999999,-0.206334,-3.322734,0.0
-0.248071,-0.30985799999999997,-2.995283,0.0
-0.980493,1.460162,-2.201826,0.0
15.365241999999999,31.620054,79.765227,0.0
-0.558609,-1.463201,14.979288,0.0
0.363243,-3.5352330000000003,-13.430095,0.0
-0.29891599999999996,1.8252730000000001,-3.589685,0.0
-1.702725,-0.982344,-3.711755,0.0
-0.6945669999999999,0.005905,-4.634707000000001,0.0
-1.73849,0.05384899999999998,-7.953278,0.0
0.7639520000000001,0.05384899999999998,-6.305329,0.0
-0.707615,-1.661858,-3.225536,0.0
-3.3285660000000004,-1.748866,-2.474002,0.0
0.531499,0.661342,-2.463979,0.0
-2.361629,0.08645000000000001,-0.16745400000000002,0.0
7.554804,5.881628,69.829283,0.0
1.030367,-0.183524,-2.7081190000000004,0.0
-3.120023,-0.42766499999999996,-4.72228,0.0
-0.374801,-0.935456,-4.175163,0.0
-0.02318,-0.087427,-3.425691,0.0
-0.631332,0.703968,-3.440541,0.0
27.667972000000002,-1.441372,-3.253757,0.0
7.984298999999999,-2.3335489999999997,-15.397929000000001,0.0
-1.8781009999999998,1.264878,-3.092879,0.0
-3.831226,3.340073,-0.956648,0.0
-2.8818089999999996,4.370736,0.746408,0.0
12.509239,22.713580999999998,64.134864,0.0
4.233728,5.787593,24.530472,0.0
-0.635992,0.204961,-3.6301099999999997,0.0
-1.063636,-0.329368,-4.56365,0.0
-0.45328499999999994,-1.000754,-3.648123,0.0
-0.314468,-0.613232,-1.1102210000000001,0.0
-1.4815610000000001,-0.59482,-1.439567,0.0
-1.533414,3.3217559999999997,0.835082,0.0
0.009118000000000001,-0.896834,-4.853975999999999,0.0
0.802575,4.840471,-2.107394,0.0
-0.03772600000000001,1.7482879999999998,-3.851837,0.0
-3.4908010000000003,3.399095,-1.837677,0.0
16.309369,19.123797,47.957782,0.0
-1.821235,-2.7221290000000002,-6.438827,0.0
-0.998643,-0.7595160000000001,-4.252148,0.0
-0.535234,0.227772,-2.884503,0.0
-2.366288,-0.7487910000000001,-3.250714,0.0
-0.5841839999999999,-0.339696,-2.8494400000000004,0.0
0.33134399999999997,-1.1955479999999998,-4.264233,0.0
-4.079536,-3.358452,-7.228021,0.0
-1.097338,0.0016429999999999995,-3.795065,0.0
1.580784,-0.9918309999999999,0.36055,0.0
-4.168208,1.054229,-0.196191,0.0
12.073469,10.262011,40.905341,0.0
24.643548,15.67819,77.258522,0.0
12.131341,14.640593,27.881081000000002,0.0
0.9619070000000001,-1.533724,4.2604750000000005,0.0
-2.7711219999999996,0.257609,-3.83549,0.0
-1.8971200000000001,-1.109075,-3.702832,0.0
-0.333581,-0.146965,-4.198936,0.0
-0.760827,0.890633,-4.198936,0.0
5.600579000000001,-1.887545,-6.75349,0.0
-2.0288150000000003,0.859037,-2.175853,0.0
1.27987,0.653918,-7.080377,0.0
-4.352413,-2.299543,1.037299,0.0
5.184058,15.887834,35.950508,0.0
8.663062,19.645474999999998,31.643948,0.0
5.061988,8.598112,25.113186000000002,0.0
1.512324,4.973663,14.606615,0.0
0.843,0.793038,2.923065,0.0
-1.836085,-1.102215,-5.836862,0.0
0.398841,1.955868,-3.6247469999999997,0.0
-0.869147,0.63757,-4.592785,0.0
-2.0897129999999997,-0.255009,-2.0123960000000003,0.0
-1.4793610000000001,0.984943,-2.579725,0.0
-1.0382280000000002,-0.228335,-4.422467,0.0
-2.124211,-0.702867,0.867379,0.0
11.763068,23.967422,27.627315,0.0
3.2086580000000002,24.007848,49.410541,0.0
6.6876619999999996,7.46732,25.301654,0.0
-1.986755,3.219731,17.818804999999998,0.0
0.843137,5.461119,8.065265,0.0
-0.131226,-1.892234,-6.99763,0.0
-0.673117,-2.0228289999999998,-4.119491,0.0
-2.461287,2.139249,-2.709219,0.0
-0.378269,1.957243,-2.0957060000000003,0.0
1.103626,-0.137905,-5.727718,0.0
-2.662802,0.541045,-2.129501,0.0
-1.101066,0.09604599999999999,-1.604263,0.0
-2.199699,1.8660649999999999,1.691636,0.0
7.9263770000000005,9.754755999999999,15.989111000000001,0.0
16.708319000000003,17.114479,25.562447000000002,0.0
0.6211300000000001,18.62928,43.525286,0.0
-0.291353,6.466985,8.659573,0.0
-0.215071,-1.8311989999999998,-3.6006699999999996,0.0
-5.385611,-0.36073299999999997,-9.193232,0.0
-2.394888,1.287217,-3.516963,0.0
-0.423751,0.351079,-2.0315090000000002,0.0
0.908434,-0.30325799999999997,-3.239424,0.0
-0.739515,0.246059,-3.78874,0.0
0.308671,2.868509,1.825394,0.0
9.267088000000001,23.303598,51.459764,0.0
14.212997999999999,19.290128,53.378789,0.0
3.9623920000000004,4.444698,10.044928,0.0
-1.042491,-0.438115,-3.871087,0.0
-1.1163129999999999,-0.905084,-5.844425,0.0
0.17395,2.580382,-4.958996,0.0
-0.796287,0.61117,-3.360394,0.0
0.6546690000000001,0.266272,-4.603509,0.0
-3.549194,-1.9633070000000001,-4.985945999999999,0.0
-1.333917,-1.6464429999999999,-11.144171,0.0
-2.8688849999999997,0.528548,-2.2146280000000003,0.0
-4.313212,2.782187,-3.337431,0.0
19.51823,30.031200000000002,102.649132,0.0
-2.149251,-5.8574720000000005,0.23213999999999999,0.0
-1.678416,-0.213499,-7.697464999999999,0.0
-1.2745449999999998,-0.7724420000000001,-6.642724,0.0
-0.909833,3.930168,-3.9086250000000002,0.0
-1.157135,-1.419613,-6.736853,0.0
-0.424713,1.8762860000000001,-5.149939,0.0
0.095163,-1.086403,-5.027868,0.0
-0.994243,1.002956,-2.453392,0.0
-0.734152,-1.324905,-4.345482,0.0
-3.114523,-1.1418,-1.5378640000000001,0.0
12.022196,13.166399,42.459958,0.0
6.6489020000000005,14.050728999999999,35.480638000000006,0.0
3.573769,5.57743,14.198481,0.0
1.5723969999999998,-0.546298,-2.842016,0.0
-1.662466,-2.255283,-5.893774,0.0
-1.969842,0.377754,-2.318534,0.0
-0.562734,0.437689,-4.39703,0.0
-0.67628,0.016905,-3.56055,0.0
0.35059399999999996,-0.28084499999999996,-2.588249,0.0
-0.694292,2.8319330000000003,-6.204586,0.0
1.6441560000000002,-0.016507,0.6086790000000001,0.0
-0.232686,1.148523,-4.63292,0.0
-0.9040720000000001,-1.2318479999999998,-5.914659,0.0
-2.9345809999999997,0.62052,0.563991,0.0
23.676747000000002,17.999589,99.6389,0.0
5.900666999999999,-2.568295,16.787257,0.0
-2.658005,-1.968532,-13.330712,0.0
0.637893,-0.137477,-6.92202,0.0
-1.10875,0.22833699999999998,-4.555537,0.0
-0.15143800000000002,0.255409,-3.05563,0.0
1.5745969999999998,-1.510348,-3.250424,0.0
-0.270606,0.325838,-1.142882,0.0
0.522851,1.485506,-4.133605,0.0
-2.202159,0.28756899999999996,-1.6490580000000001,0.0
-0.28655600000000003,0.525385,-3.082566,0.0
10.625950000000001,19.558728000000002,76.343682,0.0
2.67433,3.399262,23.556798,0.0
-7.823716999999999,-2.826324,-16.970546000000002,0.0
-1.278106,0.61968,-8.688618,0.0
-1.9945770000000003,1.495087,-3.940923,0.0
-0.867512,0.965418,-2.359371,0.0
-1.372799,1.3900670000000002,-1.94175,0.0
1.665867,2.0820629999999998,1.101084,0.0
-0.7777390000000001,0.11175100000000002,-2.586462,0.0
-1.232319,2.155046,-3.380881,0.0
0.201725,0.10819000000000001,-3.8114280000000003,0.0
-0.996306,0.178149,-2.84009,0.0
-2.9976779999999996,1.3261290000000001,-3.723717,0.0
25.688845999999998,36.726519,96.984291,0.0
7.470134000000001,6.53433,24.819422999999997,0.0
-2.219071,0.498174,-3.3337339999999998,0.0
-2.841508,-0.519516,-7.159835999999999,0.0
-1.774515,-0.259121,-5.11298,0.0
-1.83555,-3.493984,-9.568546999999999,0.0
-2.5158590000000003,3.31968,-4.661657,0.0
-2.0318400000000003,0.907409,-2.551827,0.0
-0.32285600000000003,0.41912699999999997,-3.345284,0.0
-0.734152,-1.421553,-0.609824,0.0
-0.930045,1.085151,-3.196676,0.0
-2.613455,3.621692,-0.309874,0.0
18.973740000000003,25.092178999999998,87.9405,0.0
-1.9002830000000002,-3.89952,-3.062918,0.0
-2.327529,-3.2891679999999996,-7.8236609999999995,0.0
-2.402314,1.2537109999999998,-4.0088490000000006,0.0
-3.570506,1.583057,-3.84099,0.0
-0.522049,-1.2770700000000001,-4.34782,0.0
-5.452008999999999,-1.3629769999999999,-3.181689,0.0
4.289844,5.977893000000001,-1.887162,0.0
-7.374197,0.304786,-10.327065,0.0
-1.697928,1.4644540000000001,-3.124917,0.0
-1.244448,0.690202,-1.71078,0.0
-9.863192999999999,2.079161,-0.06929300000000001,0.0
-7.647075,35.467194,133.490311,0.0
5.615567,3.159383,16.932275,0.0
10.376309,-8.071085,12.537744,0.0
-10.301822,6.926818,-10.257107000000001,0.0
-1.0066330000000001,-2.330221,-9.001341,0.0
3.36333,-6.510541,-5.118467,0.0
-4.760012,1.546497,-0.865118,0.0
2.600368,-0.616394,-3.5798,1.0
-0.878635,1.092591,-1.260464,1.0
-3.232469,-0.1739,-6.052143,1.0
-2.194871,-4.141185,-24.179584,1.0
-0.869147,-17.473387000000002,-68.481881,1.0
-1.601569,-24.065183,-78.491646,1.0
-4.298804,-1.923707,-38.11401,1.0
0.5903339999999999,1.432264,-13.978586,1.0
-1.607894,-1.599021,-4.679931,1.0
-0.814437,-0.5003879999999999,-1.567138,1.0
-1.20552,2.695852,-3.191314,1.0
-1.327591,0.31548099999999996,-4.961333,1.0
11.72967,-0.9844069999999999,-10.372852,1.0
8.246403,-1.4673260000000001,-7.857622999999999,1.0
7.819157000000001,-0.5517979999999999,-7.552447,1.0
-1.443337,-10.630023999999999,-39.554379999999995,1.0
-13.544248000000001,-46.652454,-137.16032,1.0
-35.034947,-34.400735,-87.255837,1.0
-3.934655,-1.8797220000000001,-10.133370999999999,1.0
-0.028405,2.575845,-2.381907,1.0
-1.312648,2.272074,-2.067901,1.0
-4.705837,-1.544311,-7.873971,1.0
-2.412076,2.157124,-2.828265,1.0
-1.266556,0.60787,-0.830056,1.0
8.041985,1.538247,-12.573678,1.0
5.751387,-1.070879,-3.597247,1.0
7.343663,-3.08504,-6.445687,1.0
0.759292,-7.903655,-32.292296,1.0
-12.820350999999999,-24.539714999999998,-122.85458,1.0
-12.587897,-19.531532,-79.164133,1.0
-7.094733,-1.343055,-22.828684000000003,1.0
-1.747015,3.2330829999999997,-4.957071,1.0
-0.555447,0.37651599999999996,-4.481974,1.0
-0.656204,1.889608,-2.6561440000000003,1.0
-0.39365399999999995,1.418377,-3.426929,1.0
-1.004006,0.6859550000000001,-2.755543,1.0
3.602369,0.457764,-2.7573440000000002,1.0
5.067213,2.65503,-6.114278,1.0
0.522576,-0.968457,-15.069794,1.0
3.1762230000000002,-21.153646,-77.990578,1.0
-16.801385,-24.415444,-141.898649,1.0
-27.250085,-27.746803,-94.377837,1.0
-5.521569,0.451439,-10.088286,1.0
-1.131394,-0.06778,-3.3768789999999997,1.0
0.541123,1.028394,-1.220039,1.0
-0.45398700000000003,1.9658909999999998,-1.440804,1.0
-0.397916,1.277193,-1.815142,1.0
0.699755,2.0567629999999997,-2.3729839999999998,1.0
0.232741,0.15197899999999998,10.034202,1.0
1.5144790000000001,3.630983,-6.872536,1.0
10.961134000000001,-0.547443,-25.134038999999998,1.0
15.62353,-2.885189,-28.649604,1.0
9.521678999999999,-4.671649,-19.027759000000003,1.0
-0.006621000000000016,-14.103666,-53.369425,1.0
-13.855748,-62.822905,-192.70692699999998,1.0
-23.133091,-19.976225,-64.89931,1.0
-7.430006,-2.778459,-10.958423999999999,1.0
-0.357398,1.872956,-3.325071,1.0
-1.289366,-0.18835200000000002,-2.586187,1.0
-1.137763,0.584495,-2.833888,1.0
-1.6487159999999998,0.48826,-2.6551820000000004,1.0
-1.529809,1.5961189999999998,-3.554363,1.0
0.404066,0.41307699999999997,-4.960233,1.0
0.09889,0.10790100000000001,-9.65994,1.0
-1.3340539999999999,-5.074328,-48.128436,1.0
-9.586450000000001,-39.830404,-115.344094,1.0
-32.295791,-37.988624,-111.677721,1.0
-35.998722,-25.774565,-33.484261000000004,1.0
-6.091495999999999,-6.731596,-13.953011,1.0
-1.012791,1.015606,-4.057493,1.0
0.88483,2.069153,-2.97701,1.0
0.007055000000000006,2.5160020000000003,-2.303423,1.0
-0.862685,1.042541,-3.481502,1.0
-0.628169,1.7771629999999998,-5.2032739999999995,1.0
-1.77395,0.38187899999999997,-8.086913000000001,1.0
-3.133773,-16.229308,-44.500427,1.0
-12.097415999999999,-28.270284,-127.523089,1.0
-31.618078999999998,-39.054257,-163.531769,1.0
-18.678625999999998,2.2055089999999997,-14.117707000000001,1.0
-3.076038,2.040415,-5.557798,1.0
-0.904091,-0.466288,-2.400621,1.0
0.46053299999999997,3.068128,-4.462632,1.0
0.995609,1.189881,-3.307624,1.0
1.178715,0.274354,-3.0024480000000002,1.0
2.5079979999999997,2.2075709999999997,0.89378,1.0
0.552811,0.418439,-1.9010500000000001,1.0
-1.6370289999999998,0.080263,-5.696917,1.0
0.249697,0.7813500000000001,-3.056058,1.0
-1.972042,-5.1006979999999995,-28.211466,1.0
-40.465976000000005,-64.936463,-245.946143,1.0
-43.457799,-30.57037,-83.11397000000001,1.0
-3.296666,1.961368,-1.9372120000000002,1.0
0.482151,2.362244,0.7340490000000001,1.0
0.519016,1.8790460000000002,-0.7445449999999999,1.0
2.121575,1.522297,2.609226,1.0
-0.40314099999999997,0.703402,-3.502814,1.0
2.18481,-2.620531,-2.205126,1.0
0.109615,0.18708699999999998,-3.4868639999999997,1.0
-0.255633,-0.473713,-2.481167,1.0
-1.781512,0.502849,-2.1759910000000002,1.0
-9.646523,-16.282919000000003,-70.708983,1.0
-39.748542,-73.358215,-225.23405,1.0
-49.025886,-29.534972,-87.355632,1.0
-15.349329000000001,0.335694,-10.718148,1.0
-0.273646,3.753663,-4.309457,1.0
0.922794,1.072776,-1.705555,1.0
0.009118000000000001,1.412052,-1.679229,1.0
-0.051917000000000005,0.618595,-3.205108,1.0
1.291558,-0.703707,-3.027718,1.0
0.388818,0.46699199999999996,-5.9258109999999995,1.0
-0.7062539999999999,0.21282800000000002,-0.863055,1.0
-0.950395,-0.09234699999999998,-6.112078,1.0
-2.7495499999999997,0.628083,-4.179563000000001,1.0
-5.557167000000001,-7.977874,-41.960325000000005,1.0
-80.81035200000001,-95.51507600000001,-307.78548,1.0
-38.635059000000005,-20.930115,-34.409016,1.0
3.489222,1.3360290000000001,2.093214,1.0
-0.33337000000000006,-0.598244,-3.443091,1.0
1.175274,2.984588,-2.7805329999999997,1.0
-1.5102729999999998,3.411834,-1.193619,1.0
-0.43543899999999996,-0.597846,-3.084093,1.0
-3.2430570000000003,-0.1706,-5.708605,1.0
-1.285807,-1.2725330000000001,-4.052130999999999,1.0
-8.449195000000001,-29.331256999999997,-74.960132,1.0
-48.11572,-103.63701400000001,-263.490305,1.0
-31.932879,-16.132813,-23.855557,1.0
-0.804949,2.788085,-4.202236,1.0
-0.248774,0.898898,-2.344246,1.0
1.750046,1.389732,-6.251994,1.0
-1.486221,-0.271799,-4.586995,1.0
-0.11225100000000002,2.842398,-1.205189,1.0
-1.736825,-1.088328,-3.538976,1.0
-0.329181,1.2002080000000002,-3.775952,1.0
-1.594007,1.5962569999999998,-3.757543,1.0
1.030504,-0.234797,-6.687231,1.0
2.1313370000000003,-0.08153,-12.765170000000001,1.0
-2.062076,-9.147029999999999,-39.633427000000005,1.0
-14.757387999999999,-36.24664,-83.273564,1.0
-6.483143999999999,-12.034795,-47.950556,1.0
-3.1872450000000003,-2.147099,-21.94958,1.0
-1.641856,-2.302568,-6.417514,1.0
-0.984756,2.05334,-2.321834,1.0
-0.984756,0.771602,-2.199764,1.0
-1.652842,0.423801,-3.559587,1.0
-1.533109,-1.076242,-2.699168,1.0
-0.068265,1.304129,-4.591257000000001,1.0
-2.138099,1.9528429999999999,-1.0539830000000001,1.0
-2.9957529999999997,-1.601083,-10.320342,1.0
-16.857195,-64.651499,-191.198708,1.0
-39.046614999999996,-49.643269,-109.42091900000001,1.0
1.0197800000000001,11.748565,5.755279,1.0
0.33560599999999996,-0.37967799999999996,-0.027675000000000005,1.0
-1.617519,2.733115,-1.004238,1.0
-0.9659470000000001,0.6587149999999999,-2.254778,1.0
0.622631,0.990429,-1.9329500000000002,1.0
-1.539831,2.5042229999999996,-1.86585,1.0
0.642843,-2.180237,-6.0646260000000005,1.0
-2.1809830000000003,-0.407315,-2.6323719999999997,1.0
-2.058913,1.301669,-4.951708,1.0
-2.463884,0.484439,-5.446452,1.0
-12.435989,-61.254142,-147.310565,1.0
-64.720843,-83.718241,-138.19145400000002,1.0
-4.063586,-0.5410729999999999,-5.621033,1.0
1.551649,1.595157,-2.6303099999999997,1.0
0.720271,-0.122352,-1.184976,1.0
0.004457000000000001,2.955241,-1.6138869999999998,1.0
-1.0671030000000001,0.923771,-1.723567,1.0
-1.0884150000000001,1.5785040000000001,-0.94936,1.0
-0.36175399999999996,0.164674,-3.58446,1.0
-0.550084,0.181021,-2.42053,1.0
-1.079188,0.667805,-2.95886,1.0
-0.04159,0.240559,-3.386106,1.0
-4.794509000000001,-10.074947,-43.491566999999996,1.0
-56.455125,-110.79614,-288.497271,1.0
-13.569822,0.237396,-8.106424,1.0
2.24861,3.384594,1.684472,1.0
-0.32022799999999996,1.336427,-0.424214,1.0
-0.625404,2.5571300000000003,-0.48524900000000004,1.0
-0.854862,1.7388,-2.126079,1.0
-0.514625,1.957106,-1.9403750000000002,1.0
-0.795325,0.117525,-5.2032739999999995,1.0
-1.405677,0.239596,-4.287746,1.0
-3.0096399999999996,0.0049429999999999995,-2.743855,1.0
-2.071701,0.488962,-4.918708,1.0
-0.11225100000000002,-5.932379,-34.773026,1.0
-81.370256,-104.21713199999999,-330.774422,1.0
-22.47133,-26.519378,-25.354499999999998,1.0
2.299716,2.2796849999999997,1.664259,1.0
1.5888179999999998,0.398602,-1.2656399999999999,1.0
0.607874,1.986148,-3.19122,1.0
-0.8258650000000001,3.49533,-1.867348,1.0
0.364741,-0.5506979999999999,-4.981148,1.0
5.221856000000001,-1.425265,-7.924281,1.0
-1.561007,-1.368492,-8.459312,1.0
-1.791963,0.10227800000000001,-4.075904,1.0
-1.780275,-0.17266199999999998,-3.854037,1.0
-5.198244,1.841498,-3.6709319999999996,1.0
-19.60254,-43.337306,-143.298057,1.0
-78.010023,-89.27972799999999,-147.727789,1.0
0.06673,2.388614,1.9957129999999998,1.0
2.374378,2.2307789999999996,-2.608462,1.0
-0.433239,-0.27166199999999996,-0.899478,1.0
0.600799,1.8560429999999999,-0.9863930000000001,1.0
-0.052879999999999996,1.795313,-1.425022,1.0
13.206034,-2.468226,4.746557,1.0
12.391967,0.401924,-8.138491,1.0
13.319579,-4.09451,-11.418837,1.0
11.590289,-16.164575,-14.839708,1.0
4.3661259999999995,-1.92603,-23.351325,1.0
-1.920495,-2.170171,-19.38404,1.0
-23.097189999999998,-45.23792,-127.08085600000001,1.0
-20.529848,-17.080897999999998,-68.625523,1.0
-1.6316659999999998,0.240696,-9.643548000000001,1.0
-1.3260939999999999,1.67474,-2.237683,1.0
0.01668,0.820247,-1.627332,1.0
-0.378528,1.084601,-1.5979379999999999,1.0
7.155333,-0.29157099999999997,-5.789410999999999,1.0
3.7373640000000004,0.379816,-3.77525,1.0
2.266196,0.293909,-8.63183,1.0
-1.027641,2.0342279999999997,-4.934261,1.0
-0.129164,-7.313776,-63.517683000000005,1.0
-16.854858,-24.775192,-121.70660000000001,1.0
-13.253784,-13.300583000000001,-51.760311,1.0
-3.213921,2.510424,-9.67369,1.0
0.847399,2.9024710000000002,-0.741643,1.0
-0.983656,1.681767,-1.5351,1.0
-1.556346,0.170174,-1.515192,1.0
-0.884959,2.977791,-10.975642,1.0
10.195404,4.459548,-0.207176,1.0
8.302214000000001,-0.327733,-2.360457,1.0
2.381804,3.273342,0.630266,1.0
0.018483,2.0888,-0.308376,1.0
0.244473,2.589167,-2.5489249999999997,1.0
-7.395509,-9.766869,-36.269068,1.0
-20.939951999999998,-45.034602,-108.06552500000001,1.0
-22.404796,-20.803645,-54.476658,1.0
-10.311309,-4.0725869999999995,-21.385015,1.0
-0.012317,5.580592,-3.360532,1.0
-0.28669300000000003,2.325516,-1.261824,1.0
0.15540199999999998,1.864873,-1.6621350000000001,1.0
-1.3678789999999998,-0.035345,-3.765365,1.0
-2.527547,0.14776099999999998,-4.497787000000001,1.0
-1.8487349999999998,0.480574,-4.051031,1.0
-0.55751,1.98158,-3.756443,1.0
-1.92572,1.284756,-6.055566,1.0
-0.633395,0.133613,-3.7351300000000003,1.0
3.028715,-12.683769,-62.328880000000005,1.0
-10.574699,-33.569618,-99.30875999999999,1.0
-8.267051,-10.007847,-15.895013,1.0
0.050780000000000006,2.53516,1.452858,1.0
-0.935408,1.372727,-1.207252,1.0
0.651506,1.1285859999999999,-0.47483000000000003,1.0
4.436923,-0.9898909999999999,-4.666607,1.0
4.217121,-2.6246560000000003,-7.769912,1.0
2.6365309999999997,-2.057327,-8.196059,1.0
-3.546032,-12.139816000000001,-58.627446,1.0
-9.043458,-17.730574999999998,-99.56678699999999,1.0
-5.555929000000001,-4.439761,-37.450049,1.0
-1.527609,-1.449039,-11.815284,1.0
-0.25975800000000004,1.6112449999999998,-5.534285000000001,1.0
2.320769,-3.772637,-6.126226000000001,1.0
-2.270756,1.946518,-2.7114190000000002,1.0
-2.159274,-0.433853,-4.658082,1.0
-0.258658,0.731178,-1.6866100000000002,1.0
-1.1433849999999999,0.83496,-5.834236,1.0
-1.430152,0.38284199999999996,-3.917975,1.0
0.24473399999999998,3.542217,-7.926481,1.0
-5.6579250000000005,-12.321958,-45.94466,1.0
-10.878912999999999,-23.684122,-83.525266,1.0
-7.453519,-8.849416,-47.812275,1.0
-2.509672,0.0006809999999999993,-13.571552,1.0
0.278833,0.595387,-0.795956,1.0
-0.23115800000000003,-0.128815,-0.392619,1.0
-0.360654,1.102614,-0.6363620000000001,1.0
-2.5181970000000002,-0.05293,-6.012681,1.0
-2.090951,0.862597,-2.167466,1.0
1.506136,2.122199,-3.264999,1.0
1.892423,1.233208,-5.6272199999999994,1.0
-1.8832330000000002,0.846785,-5.504188,1.0
-2.0758259999999997,-0.969282,-4.340257,1.0
5.000953,-21.339074,-173.656043,1.0
-2.643292,18.859719,-5.3008690000000005,1.0
6.328876,2.197122,6.784092,1.0
1.072428,1.909163,0.5340309999999999,1.0
-0.44356599999999996,1.439827,0.48709499999999994,1.0
0.525173,2.005491,-0.360886,1.0
0.696592,1.5374219999999998,-0.577252,1.0
0.025205,1.964668,-0.455182,1.0
8.552817,0.36386599999999997,-1.205052,1.0
13.191488,-1.100978,-6.881321,1.0
11.313149,-0.8419869999999999,-5.967596,1.0
7.040688,0.8059620000000001,-7.188299,1.0
-8.904338,-34.953075999999996,-123.392773,1.0
-10.430217,1.912158,-34.647656000000005,1.0
-2.273521,0.985204,0.945724,1.0
-1.111348,1.780767,-3.045029,1.0
-1.966542,2.5956300000000003,-1.578382,1.0
-1.84021,1.274031,-0.132696,1.0
-0.751202,2.193821,-0.56034,1.0
-0.629132,0.423801,-0.49930500000000005,1.0
1.5369359999999999,-0.005507,-2.6045969999999996,1.0
-0.45591200000000004,0.12715100000000001,-3.605635,1.0
-1.371439,1.286819,-5.375654,1.0
-7.092533,-12.395643999999999,-61.186262,1.0
-20.573741,-24.951836,-138.29703899999998,1.0
-30.771974,-15.006404999999999,-85.986749,1.0
-13.411054,5.182481,-25.028975,1.0
-0.079815,3.914493,0.902746,1.0
2.056415,-0.724179,-1.66073,1.0
1.507099,0.618595,0.7806759999999999,1.0
-0.981456,0.060891,-1.332087,1.0
-0.744877,0.535285,-3.277786,1.0
7.755097999999999,-1.018629,-6.256119,1.0
8.503469,-1.460863,-4.997755,1.0
2.8754470000000003,0.114363,-4.672368,1.0
-0.80165,-0.592483,-3.420467,1.0
-1.393852,-0.076564,-4.6964440000000005,1.0
-5.727348,-7.278713,-33.321933,1.0
-8.558339,-26.791415,-95.62604,1.0
-8.977060999999999,-6.7633589999999995,-41.782445,1.0
0.346331,7.771533,-1.165329,1.0
2.9098070000000003,0.573648,-1.9439359999999999,1.0
1.0787529999999999,1.1839989999999998,-0.6011620000000001,1.0
-1.471937,2.0717499999999998,-1.306511,1.0
-0.134526,0.8187500000000001,-1.87934,1.0
0.7821020000000001,4.783973,-2.218876,1.0
-0.194461,0.023231,-1.9137000000000002,1.0
-1.355229,-0.5505599999999999,-2.138729,1.0
-1.470837,-1.6321439999999998,-4.651757,1.0
-4.351176,-11.419080999999998,-36.512108999999995,1.0
-12.403554000000002,-34.790183,-93.39687500000001,1.0
-31.629628,-43.701316,-98.462793,1.0
-27.106703,-18.962965,-37.840995,1.0
-0.586247,1.182992,0.848738,1.0
1.1792509999999998,4.492286,0.769386,1.0
-0.36121800000000004,2.248929,0.197353,1.0
0.8548250000000001,-0.032045000000000004,-3.264999,1.0
0.30977099999999996,-0.8249369999999999,-3.9942580000000003,1.0
-0.55641,-0.302158,-6.559797,1.0
-0.5489839999999999,-1.41564,-12.838992999999999,1.0
4.499884,-10.075208,-35.849247000000005,1.0
-0.382928,-14.896985,-49.154911000000006,1.0
-1.903445,-17.626517,-58.048994,1.0
-9.175154000000001,-11.471287,-51.341192,1.0
-11.622885,-21.557242,-56.848901,1.0
-9.729833,-12.048545,-34.091313,1.0
-3.9314929999999997,1.257119,-7.41895,1.0
-0.7331890000000001,0.809262,-4.7972030000000006,1.0
2.007067,0.268472,-1.720008,1.0
6.391011000000001,0.429164,-2.993221,1.0
10.243651000000002,-1.891272,-13.182792000000001,1.0
10.859365,-5.749274,-14.067121,1.0
8.174781,-7.047925,-34.318006,1.0
-7.511254,-36.527905,-118.485487,1.0
-23.292685,-23.891963,-86.144278,1.0
-28.821049,-18.954839000000003,-57.282212,1.0
-4.708862,1.429102,-6.075076,1.0
-0.754762,1.341131,-0.039058999999999996,1.0
0.408864,1.1041109999999998,-1.9040750000000002,1.0
-1.422191,0.432724,-1.0495830000000002,1.0
19.227109,-0.022955000000000003,1.682409,1.0
4.037177,-0.894099,-6.031794,1.0
3.618457,1.062188,-5.51091,1.0
2.397754,2.710137,-2.092941,1.0
0.906372,-3.2616829999999997,-9.795058,1.0
2.734127,-29.671754999999997,-68.609176,1.0
-4.155284,-29.836848,-63.898744,1.0
-15.135285999999999,-26.033419000000002,-55.47137,1.0
-3.510571,-2.509048,-10.981966,1.0
-0.886059,3.1672209999999996,-1.399446,1.0
0.7789400000000001,0.249222,-2.728469,1.0
-1.066003,0.949743,-1.216739,1.0
3.301593,0.512612,-5.497725,1.0
-1.258994,-0.847212,-4.388504,1.0
-3.388899,0.805,-4.301496,1.0
-3.8161449999999997,1.9036330000000001,-12.236067,1.0
-20.060022,-27.697456,-134.905044,1.0
-44.350914,-42.510849,-121.02092800000001,1.0
-2.880008,3.82912,-1.096868,1.0
-0.056440000000000004,1.6516689999999998,-2.522952,1.0
0.920122,1.102353,-0.630862,1.0
-0.403401,0.978481,-0.5694290000000001,1.0
-1.055278,1.952981,-0.857953,1.0
-1.25227,1.254918,-1.8632529999999998,1.0
4.476111,3.853595,-0.537927,1.0
1.10639,-1.131778,-6.375592,1.0
0.177112,-0.419966,-8.895083,1.0
-0.99108,0.5746100000000001,-7.818161,1.0
-5.934927,-57.042578000000006,-139.409957,1.0
-27.958032,-30.823998,-80.44463400000001,1.0
-3.444174,0.587795,-10.582755,1.0
-0.55421,3.261958,1.1135819999999998,1.0
-0.9762299999999999,1.716265,-0.7288560000000001,1.0
-1.0983,0.861772,-1.156102,1.0
-1.246908,1.713103,-1.8022179999999999,1.0
-0.37962799999999997,1.732216,-2.5787619999999998,1.0
-0.17261300000000002,0.299134,-1.1071950000000002,1.0
-1.156173,0.6700050000000001,-5.436827,1.0
-3.475509,-3.05314,-8.366515,1.0
-9.097207,-12.512489,-43.232438,1.0
-17.117286999999997,-28.872110999999997,-100.351857,1.0
-19.505081999999998,-20.537229,-56.069072,1.0
-2.707627,1.017669,-12.706336,1.0
-2.280381,0.35906899999999997,-3.771828,1.0
-0.510362,2.007018,-3.161477,1.0
-1.151911,0.163574,-5.461301000000001,1.0
-2.025652,-3.306905,-9.422262,1.0
-1.166898,0.11848800000000001,-2.877613,1.0
0.379866,1.3638050000000002,-1.143618,1.0
0.455614,1.094226,-2.336684,1.0
-6.197218,-1.652356,-2.39772,1.0
-1.576559,-0.469313,0.367012,1.0
0.49713799999999997,-1.948044,-1.412631,1.0
-32.720836999999996,-120.778131,-269.18445,1.0
-10.501977,-1.1438629999999999,-18.5121,1.0
-2.2011960000000004,0.19891099999999998,4.620224,1.0
-0.18167299999999997,0.957778,-0.948123,1.0
-0.705017,1.847258,-1.3946189999999998,1.0
-2.0169900000000003,1.915321,-2.359096,1.0
-0.222099,0.5835319999999999,-1.053846,1.0
6.826645,-0.0013820000000000004,-6.186696,1.0
1.536799,1.288881,-2.0167960000000003,1.0
-0.09946400000000001,0.771862,-4.097216,1.0
-3.532282,1.212858,-7.310506,1.0
-9.774917,-18.415986,-56.917100999999995,1.0
-12.725918,-45.304455,-107.843232,1.0
-15.411465,-28.031506,-57.061982,1.0
-4.301965999999999,-5.160633000000001,-12.775895,1.0
-4.044076,-0.582996,-4.393867,1.0
-0.348966,4.320029,1.032197,1.0
-0.780779,0.9549229999999999,-1.08492,1.0
-0.569334,0.278219,-2.365957,1.0
0.097927,-0.42853399999999997,-2.471679,1.0
-1.715513,-0.8045559999999999,-2.179551,1.0
-1.577491,1.85731,-4.116466,1.0
-0.26732100000000003,1.773863,-10.3892,1.0
-7.225329,-14.644594,-55.921426999999994,1.0
-11.064479,-34.453245,-82.545542,1.0
-7.937539,-22.625211999999998,-46.434302,1.0
-3.80626,0.667805,-10.122646,1.0
-1.888595,1.366967,-4.296271,1.0
-0.362716,1.6111069999999998,-0.817268,1.0
1.962945,-0.185587,-2.7221450000000003,1.0
1.217735,0.067078,-2.0660060000000002,1.0
1.234481,-0.153687,-6.316192,1.0
0.04528,-2.4789510000000003,-9.155709,1.0
-0.638757,-1.4769510000000001,-5.848123999999999,1.0
-12.64577,-12.011557999999999,-43.853514999999994,1.0
-12.832037999999999,-47.383210000000005,-114.824614,1.0
-12.154189,-19.694424,-39.347501,1.0
-4.097549,-4.008389,-11.088224,1.0
-1.744952,-0.320445,-8.275642,1.0
0.769177,-1.612771,-10.014464,1.0
-1.2385199999999998,-2.5255330000000002,-6.56982,1.0
-2.508175,-0.316183,-4.563222,1.0
-0.595872,-0.147927,-0.779043,1.0
6.012975,0.7984,-6.698353,1.0
7.859979999999999,-0.795939,-7.7860000000000005,1.0
8.653437,-7.20463,-8.091176,1.0
2.054215,-3.3602109999999996,-10.626313,1.0
-6.782133,-14.623282,-49.822173,1.0
-12.162713,-27.235849,-98.77979300000001,1.0
-22.124232,-24.772168,-88.512,1.0
-11.616697,-7.610563,-33.262533,1.0
0.364343,1.557497,1.9181920000000001,1.0
0.242272,2.289919,0.087138,1.0
-0.958218,1.350618,-1.859127,1.0
0.075515,2.5928950000000004,-1.82903,1.0
7.359187,-2.5282980000000004,-7.825724,1.0
2.937444,-1.36863,-8.680216,1.0
-0.184974,-3.663491,-12.164582000000001,1.0
-8.057408,-12.224362999999999,-45.157925999999996,1.0
-21.679935999999998,-31.416474,-105.96063,1.0
-24.383633000000003,-27.061666,-69.176643,1.0
-11.207464,-4.6905019999999995,-25.817207,1.0
-0.947233,3.188396,-4.579172,1.0
0.395541,1.1132009999999999,-2.503977,1.0
-0.707615,1.2373340000000002,-1.741717,1.0
-0.07569000000000001,1.1625489999999998,-3.414141,1.0
-1.583419,0.6700050000000001,-2.150554,1.0
-1.006068,2.3459890000000003,-3.193514,0.0
-0.077752,-0.597983,-2.057221,0.0
0.9416950000000001,-0.231772,-0.7981560000000001,0.0
-0.27900800000000003,-0.7200540000000001,-0.49298000000000003,0.0
1.3076,0.6692100000000001,1.4622080000000002,0.0
2.5413959999999998,-0.499288,-3.540475,0.0
-1.977268,-40.544813,-121.94757800000001,0.0
0.06453,-3.664591,-24.799959,0.0
-0.14525100000000002,3.199381,-2.010333,0.0
-1.488024,1.673503,2.99455,0.0
0.0023949999999999996,0.642627,-0.273711,0.0
-0.687004,0.13553800000000002,-1.995086,0.0
3.033145,1.406994,3.654554,0.0
0.974951,3.363423,3.628277,0.0
-2.4116340000000003,0.49191200000000007,-3.257831,0.0
-0.336438,-1.9494939999999998,-4.478534,0.0
-0.672857,4.412567,1.06173,0.0
-4.953139999999999,2.801575,-7.501038,0.0
-4.051102,-19.68564,-50.338489,0.0
-0.32725600000000005,-17.125723999999998,-32.481863999999995,0.0
-1.766127,3.967966,2.027873,0.0
-0.568234,1.41934,-3.985871,0.0
0.286259,1.724516,-1.422394,0.0
-4.3975,0.59302,-2.45683,0.0
-1.126336,-0.112865,-2.505077,0.0
-4.865568000000001,1.421937,-3.9300610000000002,0.0
-0.33688100000000004,-0.161815,-2.941811,0.0
-1.3531659999999999,1.460162,-0.578489,0.0
-2.4517990000000003,1.277056,-4.72888,0.0
-0.692367,-1.880822,-20.463163,0.0
-9.963386,-49.188293,-121.41324900000001,0.0
-1.535171,6.022949,2.4690060000000003,0.0
-0.009292,2.025428,0.8284819999999999,0.0
-0.19239799999999999,2.147499,-0.880503,0.0
-0.660467,2.004253,-1.125743,0.0
-1.8971200000000001,-0.9907309999999999,-2.50824,0.0
6.071549999999999,-4.670686,-6.678843,0.0
0.613846,-0.18628899999999998,-5.916583,0.0
6.1680459999999995,4.574453,-1.399981,0.0
-2.513934,0.838123,0.32851199999999997,0.0
-2.682052,-0.376118,-1.3454089999999999,0.0
-3.9379549999999997,-2.724589,-13.330575000000001,0.0
-14.60412,-27.079418999999998,-61.829049000000005,0.0
1.203986,6.367846999999999,-3.784615,0.0
-0.8520970000000001,2.560995,1.150707,0.0
-0.9901179999999999,1.0961509999999999,-3.69058,0.0
-2.330828,0.922671,-0.869916,0.0
1.1566999999999998,0.596183,-0.571064,0.0
0.111678,0.431089,-1.523151,0.0
-0.6743549999999999,0.233134,-5.124226,0.0
-1.359491,0.794138,-1.133168,0.0
-1.4741360000000001,0.268196,-2.874451,0.0
-1.291031,1.6109689999999999,-5.071717,0.0
-20.086696999999997,-36.54879,-92.189096,0.0
-0.313369,-4.6315290000000005,-20.034955,0.0
-0.276808,4.124137,3.507704,0.0
-0.848537,-0.49748499999999996,-2.493955,0.0
0.005955000000000002,1.8218509999999999,-1.944638,0.0
-0.7931239999999999,1.039379,-2.4674169999999997,0.0
-0.5702969999999999,0.009205,-2.341083,0.0
1.67311,5.134706,3.564569,0.0
-1.317613,0.12982300000000002,-9.985236,0.0
-2.112616,-0.39904700000000004,-4.316833,0.0
1.8443420000000001,-1.605558,-20.550171,0.0
-2.917668,-25.913686,-63.181706999999996,0.0
-6.482182,-6.822469,-14.41532,0.0
1.946995,4.809809,-1.035833,0.0
-0.845374,2.920484,3.781681,0.0
-0.723304,-0.43645,-0.18560400000000002,0.0
-0.112952,1.272534,-2.62701,0.0
-0.825162,1.5202339999999999,1.195793,0.0
0.955582,5.7294599999999996,10.538433999999999,0.0
4.448381,-1.156129,-12.868173,0.0
0.754022,3.7153,-6.676947,0.0
-1.6622999999999999,-0.697548,-8.624543000000001,0.0
-1.626442,-13.771555000000001,-44.024933000000004,0.0
-9.940974,-2.09789,-14.26135,0.0
-3.760075,-2.945354,-9.353664,0.0
-0.036930000000000004,1.815388,0.16782,0.0
-1.4184640000000002,0.05539,-3.357369,0.0
-1.0650410000000001,-1.1578869999999999,-9.906281,0.0
2.242546,-0.604308,-7.082714,0.0
-1.097338,-3.607819,-5.6883930000000005,0.0
-1.17116,1.715028,-1.350634,0.0
-0.429114,-1.572346,-2.152616,0.0
-1.89602,-1.217822,-3.072405,0.0
-1.0457910000000001,-0.728441,-2.0947430000000002,0.0
-0.069228,-1.8270739999999999,-0.44679399999999997,0.0
-20.765508,-51.442332,-138.264176,0.0
-4.470222,-15.851409,-58.860738,0.0
0.832412,3.740876,0.29511499999999996,0.0
-0.661169,0.776828,-1.235027,0.0
-1.759802,0.593723,-2.45573,0.0
0.103153,-0.794839,-2.5305139999999997,0.0
-0.5543469999999999,1.463462,-0.596639,0.0
-0.5040370000000001,-0.885009,-2.329396,0.0
8.287501,6.796895999999999,1.893717,0.0
3.8518719999999997,1.745567,3.257498,0.0
1.1919,-1.532624,-1.2179760000000002,0.0
-1.4698740000000001,-0.5571609999999999,-3.140866,0.0
-0.558609,2.3789890000000002,-1.0710330000000001,0.0
-13.559097000000001,-52.430581000000004,-114.108143,0.0
-2.405614,-0.234935,-12.345487,0.0
0.162125,4.044951,1.808207,0.0
-1.138863,0.057054999999999995,-2.41807,0.0
-0.5543469999999999,0.324007,-0.5163540000000001,0.0
1.0936029999999999,2.094026,0.155033,0.0
0.29272099999999995,-0.972719,-3.6912819999999997,0.0
-5.200444,3.6342380000000003,-3.9112530000000003,0.0
9.300044000000002,6.679485,3.482924,0.0
2.328851,2.939993,-6.087909,0.0
-1.4688189999999999,1.67095,-1.0711749999999998,0.0
-0.535234,3.54011,12.020235,0.0
-34.043534,-96.435476,-232.66970700000002,0.0
-5.652469,10.223601,-12.424672000000001,0.0
-1.162636,2.696952,-2.984436,0.0
-1.930823,1.752899,-0.6080220000000001,0.0
-1.009628,0.73104,-0.430845,0.0
0.06233,0.176361,-1.730732,0.0
0.278833,0.726777,-1.663235,0.0
1.205253,-0.527814,-5.981178,0.0
-0.938005,-0.124247,-3.6842550000000003,0.0
1.8415759999999999,-1.7881470000000002,-4.198371000000001,0.0
7.768405,-3.6940310000000003,0.31357,0.0
4.04526,-2.5953980000000003,0.740816,0.0
1.664889,-21.211121,-61.576079,0.0
7.221593,-15.292468999999999,-64.471711,0.0
0.225223,2.2955409999999996,-23.864082,0.0
1.8430739999999999,1.357342,-8.061339,0.0
0.835575,2.3747260000000003,-7.7040500000000005,0.0
3.9483680000000003,0.05539,-5.506785000000001,0.0
0.15992499999999998,1.156086,-0.657935,0.0
21.193282,-5.14016,-10.949104,0.0
2.760665,1.939918,0.952752,0.0
1.180213,0.560585,3.2337260000000003,0.0
-1.88117,2.8841840000000003,4.405081,0.0
-13.124427,-43.305146,-84.43226899999999,0.0
2.745815,-5.615653,-46.487652000000004,0.0
0.412591,6.898754,2.795494,0.0
0.9619070000000001,1.3445550000000002,-2.4535299999999998,0.0
0.7969520000000001,0.863697,-2.7247429999999997,0.0
-3.1061360000000002,0.257609,-8.446662,0.0
0.7756400000000001,2.143236,-1.290699,0.0
0.06343,0.43851399999999996,-1.970611,0.0
0.400903,-0.421203,-8.312904999999999,0.0
-3.438949,1.3467550000000001,-5.651833,0.0
36.294937999999995,-4.024339,-9.069802,0.0
23.505192,-4.8285219999999995,-12.24719,0.0
11.562514,-3.167785,-13.492368,0.0
7.506557,1.419477,-6.7742379999999995,0.0
0.11594,0.86796,-12.091721,0.0
11.407444,-28.917196,-71.539964,0.0
-1.840347,-7.257140000000001,-24.747311,0.0
-1.535171,2.147636,-0.217641,0.0
-1.232195,0.9740810000000001,-1.869853,0.0
-0.6058950000000001,0.24165899999999998,-0.975898,0.0
25.854763000000002,-3.19472,-11.173032000000001,0.0
13.270399,3.165724,-2.601877,0.0
-0.584582,-0.43535,-3.273264,0.0
-0.85636,-0.520601,-2.846416,0.0
-1.093076,0.16577399999999998,-2.465217,0.0
-0.737452,1.204334,-2.272624,0.0
-1.954993,1.300569,-2.760906,0.0
-16.786535999999998,-53.570036,-183.852214,0.0
3.774887,10.150666999999999,10.238620999999998,0.0
3.466549,1.877921,4.740095,0.0
1.046716,0.42616899999999996,1.2891249999999999,0.0
-0.57566,-1.1231289999999998,1.393351,0.0
-0.8854960000000001,0.299531,-0.0039959999999999996,0.0
-4.025527,3.221092,-1.1452540000000002,0.0
-0.683139,1.008181,-2.102306,0.0
-2.7583339999999996,1.496462,-1.79713,0.0
-4.880418000000001,3.079113,-24.547155999999998,0.0
-1.534072,-53.470379,-103.334055,0.0
1.501736,7.880678,6.631084,0.0
-1.1676009999999999,3.032929,0.262115,0.0
-1.033141,0.8803500000000001,-1.972673,0.0
2.201722,3.565897,-1.179216,0.0
-5.573116000000001,3.83737,-0.905376,0.0
0.551711,1.903495,-0.634162,0.0
-1.243181,1.037621,-1.370449,0.0
-6.74131,0.69228,-5.64757,0.0
-2.377976,-0.17746,-7.6681930000000005,0.0
-2.706527,0.300631,-15.581449999999998,0.0
-8.313236999999999,-25.687696000000003,-79.71028700000001,0.0
-5.810795000000001,-12.320996000000001,-39.305012999999995,0.0
-1.4162640000000002,-4.996778,-15.806478,0.0
1.201786,1.6862899999999998,1.638989,0.0
1.576522,3.935668,4.011935,0.0
0.044318,-1.573446,-1.7630299999999999,0.0
-0.13878800000000002,-0.047567,-0.17611600000000002,0.0
-2.864058,-1.818687,0.099223,0.0
19.784110000000002,-4.05488,-1.253436,0.0
14.213961,0.193411,-6.083341,0.0
6.356774000000001,-0.37501799999999996,-3.095079,0.0
-0.418128,0.418439,-6.268907,0.0
-3.18532,0.549035,-19.548736,0.0
-3.2430570000000003,-15.800564,-61.916056000000005,0.0
0.96727,-8.527191,-31.947397,0.0
0.350456,2.622732,-2.209389,0.0
-0.7481770000000001,1.096853,0.293052,0.0
-0.058640000000000005,0.234234,-1.028408,0.0
1.3817279999999998,1.5525319999999998,-1.3432089999999999,0.0
-2.077064,-0.600046,-2.034808,0.0
11.473842,-3.5122859999999996,-7.982154,0.0
2.7170769999999997,3.87147,-0.655872,0.0
-0.19886099999999998,1.9797779999999998,-2.2576359999999998,0.0
3.7244390000000003,2.6375830000000002,-5.918386,0.0
-3.599779,0.013070999999999992,-10.984304,0.0
-11.253649,-2.5251360000000003,-40.676525,0.0
-11.007308,-28.652842,-76.260983,0.0
-1.6221789999999998,-1.111702,-10.982501,0.0
0.461938,0.307261,-1.414266,0.0
0.706079,0.856577,-0.376669,0.0
-0.27584600000000004,1.959168,0.932142,0.0
-2.606167,-1.167513,-0.52488,0.0
16.346327,-1.430368,-5.982279,0.0
22.266737,-3.200388,-8.48472,0.0
6.283653,2.00992,-0.389058,0.0
4.938817,-0.4865,-12.575878,0.0
0.670619,-2.758689,-9.830259,0.0
12.61646,-11.504424,-21.203010000000003,0.0
-4.046138,-31.890165999999997,-70.09217,0.0
-4.6618520000000006,-5.910105,-16.588813000000002,0.0
-1.265456,3.074851,-0.92629,0.0
-0.370141,1.862673,-0.662197,0.0
0.290521,0.743125,-2.162638,0.0
0.473626,0.193809,-2.834025,0.0
-2.292068,2.0790379999999997,-0.749907,0.0
0.1855,-1.209298,-5.2299489999999995,0.0
1.769252,0.33815399999999995,0.099223,0.0
5.5341819999999995,0.15931099999999998,-6.000992999999999,0.0
-8.52508,-2.852984,-45.448955,0.0
-0.359554,-18.467397,-67.002889,0.0
-1.336117,-6.931753,-29.832479000000003,0.0
1.506962,0.39356599999999997,-9.785173,0.0
0.257123,1.332867,-2.245949,0.0
0.9062349999999999,-1.09369,0.668751,0.0
-0.36697799999999997,0.55316,-1.483429,0.0
-0.206286,0.723615,1.091872,0.0
-0.659367,0.04796600000000001,-3.059618,0.0
1.1514749999999998,1.7181899999999999,-3.07983,0.0
0.730554,1.220421,-2.0464960000000003,0.0
-0.428013,0.7803880000000001,-3.7501170000000004,0.0
-0.36697799999999997,2.916619,-2.468379,0.0
-9.772855,-41.203275000000005,-115.534623,0.0
-0.126001,-6.221605,-23.520283000000003,0.0
-1.364854,0.494324,1.516918,0.0
-0.170123,-0.677032,-1.0539830000000001,0.0
0.618108,0.37801399999999996,-1.497576,0.0
-1.6401919999999999,0.25594399999999995,-1.619647,0.0
-1.052253,-0.836761,0.769646,0.0
22.588145,-6.369274000000001,-15.745234,0.0
8.136886,-1.331977,-4.406279,0.0
-3.459794,3.0015189999999996,-2.270048,0.0
-9.745125,3.2252609999999997,-6.1953629999999995,0.0
-9.250548,-57.746872,-137.62754800000002,0.0
-3.0637700000000003,5.338255,4.0006889999999995,0.0
-0.933208,0.966794,3.9690499999999997,0.0
0.10439,3.347165,3.8469789999999997,0.0
-2.881672,-1.553799,0.23641800000000002,0.0
-1.344504,-0.007707,-1.89529,0.0
-0.72387,1.717228,-1.720008,0.0
-1.705352,2.00575,-0.951423,0.0
3.179385,-4.591408,-2.855201,0.0
-0.04049,-0.8484489999999999,3.400483,0.0
-2.359826,0.128113,2.423921,0.0
-1.698766,-0.077404,-1.4886540000000001,0.0
-6.289589,1.914083,-1.699398,0.0
-15.005929,-36.715809,-116.742279,0.0
-1.647616,-12.725432,-44.314022,0.0
-0.9762299999999999,3.9982,9.946232,0.0
0.627993,1.709267,1.6230390000000001,0.0
0.803277,-0.8814489999999999,-1.402181,0.0
-0.8552590000000001,-0.456266,-1.312974,0.0
-1.903582,0.357404,-1.781043,0.0
-2.481897,-1.7703010000000001,-1.528377,0.0
-0.9344450000000001,-0.185587,-1.746683,0.0
-1.483761,1.279256,-2.41807,0.0
-0.324093,0.6291829999999999,-3.221412,0.0
-0.07349,-1.504986,-6.663856,0.0
-12.231311999999999,-44.661103,-83.456806,0.0
-1.051153,1.400227,4.128643,0.0
0.596796,1.6443670000000001,-1.7917669999999999,0.0
0.290123,-0.11000700000000001,-3.066081,0.0
0.850424,0.143361,-5.556698,0.0
-1.4258890000000002,-4.776974,-9.746949,0.0
-1.291031,0.9922310000000001,-1.063608,0.0
12.438977,-2.543148,-4.248024,0.0
0.758192,-2.568419,-14.145344000000001,0.0
3.966518,-3.169847,-18.193175,0.0
3.7223770000000003,-17.513109,-43.644835,0.0
2.388128,-9.503753,-22.119636999999997,0.0
-0.053278000000000006,-8.527191,-16.565438,0.0
2.8986840000000003,0.47055199999999997,-9.317104,0.0
3.842247,-6.310416,-14.559099999999999,0.0
0.424278,-15.343618999999999,-17.488787,0.0
-1.342579,-1.082965,-10.284179,0.0
-1.159473,-0.350543,-1.434081,0.0
-0.5724969999999999,-1.0219289999999999,-1.435044,0.0
13.451440999999999,0.255546,-9.653615,0.0
1.729529,1.522297,-6.819323,0.0
1.894485,1.900195,-4.2994330000000005,0.0
-1.113288,-4.763224,-23.316965,0.0
-0.357491,-19.101122999999998,-45.328946,0.0
-0.23542100000000002,-14.523485999999998,-31.473965999999997,0.0
-0.47956200000000004,-2.475086,-20.904296000000002,0.0
-2.277218,-0.491863,-7.213172,0.0
2.415063,2.4435849999999997,-1.775115,0.0
-0.747077,-0.093615,-4.233173,0.0
-1.174323,-0.8260369999999999,-2.8904,0.0
-0.875472,-0.264635,-1.770455,0.0
-0.08887600000000001,-1.023029,-3.034043,0.0
-1.858498,0.6572180000000001,-3.398192,0.0
-0.40314099999999997,2.272869,-2.742755,0.0
-1.0745280000000001,3.432537,-5.550372,0.0
6.1680459999999995,-1.636544,-19.802501,0.0
2.671992,-20.812307,-59.586698,0.0
3.963355,-18.897804999999998,-43.107206,0.0
-3.2313690000000004,1.550072,0.587504,0.0
-0.947233,1.1349109999999998,1.4538200000000001,0.0
-1.0693030000000001,0.036278000000000005,-2.391395,0.0
-0.662667,0.500649,-0.473469,0.0
-2.2065580000000002,-0.603208,-2.526252,0.0
2.4445959999999998,-3.3782229999999998,-10.601557999999999,0.0
2.78207,-2.982922,-2.1019080000000003,0.0
-2.894199,1.838855,1.255026,0.0
-3.234531,-0.589763,-3.5283889999999998,0.0
-1.308386,-0.479076,-8.819733000000001,0.0
-13.787593,-7.949839000000001,-24.664964,0.0
-11.849318,-14.635366000000001,-39.550117,0.0
-6.805508,-3.824322,-30.55668,0.0
-0.518887,-1.260845,-12.67338,0.0
-1.277282,1.7334379999999998,-0.555115,0.0
-1.513201,-1.084674,-1.452796,0.0
0.404066,1.103576,-0.698497,0.0
-1.463549,-0.017332,-2.593749,0.0
0.0012949999999999993,0.71509,-2.715819,0.0
-0.181811,0.654055,-3.387206,0.0
-0.013555000000000001,3.967003,-3.4386159999999997,0.0
-1.718277,-0.7189540000000001,-6.914458,0.0
-3.00744,-7.87918,-24.116747,0.0
-4.472284,-22.466582,-57.258837,0.0
-4.097549,-14.98633,-40.975237,0.0
-2.330828,3.503197,1.268515,0.0
-0.43873799999999996,1.7942129999999998,-0.8066810000000001,0.0
0.417954,2.337067,-2.6828190000000003,0.0
-0.314468,0.322907,-2.0114330000000002,0.0
-4.9897,-2.237408,-3.283149,0.0
-2.182083,-2.664654,-3.161079,0.0
-1.232195,-0.39672799999999997,-4.370095,0.0
-5.263679,-2.20867,-19.195312,0.0
-6.566729,-9.550901,-40.645189,0.0
-2.278318,-17.823647,-34.341518,0.0
1.078616,-4.334878,-17.129604,0.0
-1.72144,-3.97183,-9.082987,0.0
-2.089851,-0.920774,-4.6316820000000005,0.0
-1.2268329999999998,0.65792,-0.183541,0.0
0.470464,2.431499,-3.108966,0.0
-1.543696,1.1497609999999998,-1.888262,0.0
2.777714,-1.017407,-4.568447,0.0
7.92844,-5.25783,-10.227407000000001,0.0
7.766648,-2.998567,-9.703527000000001,0.0
3.860398,1.5790689999999998,-0.7923939999999999,0.0
-2.50541,-0.424365,-6.7621530000000005,0.0
-1.8950580000000001,0.18598699999999999,-3.344184,0.0
-4.653327,-2.788786,-25.547231,0.0
-10.512701999999999,-17.986539999999998,-41.782582,0.0
-5.199481,-1.309092,-11.490995,0.0
-1.466712,2.753725,-1.045458,0.0
-0.740615,0.06747600000000001,-1.4504290000000002,0.0
1.216773,0.605807,-0.8248300000000001,0.0
1.951257,-1.174937,-4.380117,0.0
0.494938,-0.056092,-4.024493,0.0
-0.054378,-0.239197,-4.207598,0.0
0.23691,2.150799,-6.180936,0.0
-0.555447,0.69448,-3.525226,0.0
-1.11535,-19.045451,-48.497412999999995,0.0
-0.149514,-1.4812130000000001,-11.713823000000001,0.0
-1.840347,3.005291,2.4153960000000003,0.0
-1.23742,-0.413778,-3.251249,0.0
0.105353,1.783488,-1.9084750000000001,0.0
-1.470974,0.149425,-2.410644,0.0
-1.110125,0.735303,-2.955698,0.0
25.387657,-2.1901219999999997,-8.256132000000001,0.0
7.056501,-0.472613,-4.917745,0.0
-2.2260690000000003,-0.903159,-4.990468,0.0
-1.231494,-0.948809,-1.4964760000000001,0.0
-1.303116,-1.2501200000000001,-3.060718,0.0
3.071203,-0.850649,-8.287329999999999,0.0
0.751867,0.24798399999999998,-1.878638,0.0
-13.900833,-63.358074,-149.91516900000002,0.0
-3.854812,2.2753289999999997,-11.539243,0.0
-0.25589300000000004,0.057453000000000004,-1.798795,0.0
-0.608659,1.1812639999999999,0.797682,0.0
-0.547624,1.303334,-1.399584,0.0
14.534124,-3.1980199999999996,-1.334684,0.0
5.410751,-1.986407,-5.394201000000001,0.0
1.565537,2.774335,-0.9996700000000001,0.0
5.367163000000001,-5.706786999999999,-20.436228,0.0
1.4416630000000001,-18.7499,-62.497273,0.0
-0.87587,-7.001312,-36.554871999999996,0.0
-1.535171,-1.961932,-10.77356,0.0
-2.0234520000000003,2.67674,1.372436,0.0
0.650406,0.440714,-0.061073,0.0
1.713579,0.531985,-1.17043,0.0
1.5957709999999998,0.596183,-0.763794,0.0
0.363243,2.3168539999999997,-1.8506019999999999,0.0
5.287581,-2.959807,-12.153857,0.0
-2.4156370000000003,-0.8516109999999999,-2.873351,0.0
-0.46251200000000003,0.18598699999999999,-3.4837019999999996,0.0
-5.73601,0.863697,-13.262113999999999,0.0
-10.062081,-9.489866,-42.040473,0.0
-6.124496,-10.103518000000001,-32.935648,0.0
-2.874783,-0.5432729999999999,-7.945594,0.0
-0.067165,0.860535,-1.4148319999999999,0.0
-0.860622,1.038279,-0.44473199999999996,0.0
-0.49015000000000003,-0.062417,-2.034808,0.0
-0.312406,-0.6855559999999999,-3.4975889999999996,0.0
-0.43873799999999996,2.196847,-3.020995,0.0
5.643876,-0.50135,-6.962706,0.0
14.351018,1.896635,1.961612,0.0
17.402776000000003,1.164213,1.778506,0.0
12.562850000000001,2.008515,3.299726,0.0
-0.423751,1.323242,-2.818778,0.0
-2.369451,-5.009565,-21.099089,0.0
5.182958,-14.835125,-41.714122,0.0
-1.181748,-3.7738750000000003,-16.076057000000002,0.0
0.28309599999999996,2.756887,-1.2445140000000001,0.0
-0.7109150000000001,1.533984,-2.7963660000000004,0.0
-0.989018,-0.8430869999999999,-1.646322,0.0
-0.305943,-0.5614229999999999,-2.6164219999999996,0.0
5.320978,1.2288080000000001,1.100657,0.0
13.661483,-3.3679400000000004,-4.599384,0.0
15.914558999999999,-1.120625,-7.128761999999999,0.0
4.7078619999999995,1.96343,-7.378264000000001,0.0
2.510596,-9.63325,-31.609220999999998,0.0
-2.8395829999999997,-8.180093000000001,-41.292100999999995,0.0
-2.776087,-4.907004000000001,-24.933716,0.0
-0.7062539999999999,1.197611,-7.724965,0.0
-1.526646,-0.0004190000000000001,-6.237709000000001,0.0
-0.727827,-4.198659,-11.269663999999999,0.0
-0.11747600000000001,-1.3300070000000002,-8.767223,0.0
-0.797387,1.82541,0.062663,0.0
3.580094,3.117736,-1.099068,0.0
-27.843387,-1.794212,0.304038,0.0
-1.598269,0.891335,-2.5646139999999997,0.0
8.53563,-1.662118,-5.480414000000001,0.0
0.469364,0.60677,-2.4670199999999998,0.0
-3.0599510000000003,1.1688729999999998,-12.751420000000001,0.0
-12.515175,-45.093712000000004,-112.369321,0.0
-2.200234,1.293006,-7.449888,0.0
-0.189236,1.910921,1.939901,0.0
-0.048616999999999994,0.949209,1.1964949999999999,0.0
0.365444,1.120626,0.580079,0.0
-0.5628719999999999,0.6742680000000001,-0.7885300000000001,0.0
6.004052,-0.852711,-5.3477570000000005,0.0
15.55151,-2.376528,-0.386858,0.0
7.311763,0.431089,-4.293108,0.0
5.518934000000001,0.9471459999999999,-6.1972830000000005,0.0
3.251146,-4.679913999999999,-15.478493,0.0
7.25499,-14.175424999999999,-31.163825,0.0
7.379124,-10.743569,-29.180602999999998,0.0
0.8483620000000001,-0.794839,-9.466248,0.0
-0.250271,1.279256,1.5545790000000002,0.0
-1.300656,1.276093,-2.941811,0.0
-0.99548,1.032916,-2.8378900000000002,0.0
-2.2054590000000003,0.158211,-1.79383,0.0
4.283381,1.036216,-2.694507,0.0
-0.7215020000000001,1.402427,-3.365894,0.0
-5.935065,-1.447113,-3.353809,0.0
-0.5639719999999999,-0.635246,-9.382800000000001,0.0
-6.474756999999999,-9.887013999999999,-45.495002,0.0
-7.934238,-11.774842000000001,-41.745319,0.0
-3.7838469999999997,-7.746522,-21.115437,0.0
-1.229995,1.133414,-2.210489,0.0
-1.101601,0.753712,-1.1796140000000002,0.0
-0.19556099999999998,1.015606,-2.123481,0.0
-1.0574780000000001,-0.129915,-0.560477,0.0
-0.080915,0.907683,-1.720145,0.0
